pair_id,score,component_count,partitions,statistic,point,ci_low,ci_high,bootstrap_draws
HandWritten-Mfeat__TMC,native_nonvacuity,1,1,iqr,0.0,0.0,0.0,2000
HandWritten-Mfeat__TMC,native_nonvacuity,1,1,range,0.0,0.0,0.0,2000
HandWritten-Mfeat__TMC,native_nonvacuity,1,1,mad,0.0,0.0,0.0,2000
HandWritten-Mfeat__TMC,native_nonvacuity,2,31,iqr,0.06816487496233865,0.04955553349337118,0.09865859064334485,2000
HandWritten-Mfeat__TMC,native_nonvacuity,2,31,range,0.538547841612294,0.5135373658928382,0.5657928218414205,2000
HandWritten-Mfeat__TMC,native_nonvacuity,2,31,mad,0.03787573849609918,0.025181997842821206,0.05173089651813692,2000
HandWritten-Mfeat__TMC,native_nonvacuity,3,90,iqr,0.09840702842799437,0.07590348002977895,0.1183435141983012,2000
HandWritten-Mfeat__TMC,native_nonvacuity,3,90,range,0.2822607722577213,0.24984575003095136,0.3191688097194167,2000
HandWritten-Mfeat__TMC,native_nonvacuity,3,90,mad,0.05331569530935618,0.03594648498456987,0.06258357983665898,2000
HandWritten-Mfeat__TMC,native_nonvacuity,4,65,iqr,0.0063168709820371,0.001013691706058441,0.015459760221501423,2000
HandWritten-Mfeat__TMC,native_nonvacuity,4,65,range,0.06413529310438346,0.04194640733562047,0.0953382835379351,2000
HandWritten-Mfeat__TMC,native_nonvacuity,4,65,mad,0.00282593754859383,3.391703429739006e-06,0.007455153502720228,2000
HandWritten-Mfeat__TMC,native_nonvacuity,5,15,iqr,0.00287016259488998,5.8212112863345525e-05,0.006735010817310674,2000
HandWritten-Mfeat__TMC,native_nonvacuity,5,15,range,0.006168014807889739,0.0006173596002072176,0.014630154765116598,2000
HandWritten-Mfeat__TMC,native_nonvacuity,5,15,mad,0.00017967344298846076,0.0,0.0008931182854562282,2000
HandWritten-Mfeat__TMC,native_nonvacuity,6,1,iqr,0.0,0.0,0.0,2000
HandWritten-Mfeat__TMC,native_nonvacuity,6,1,range,0.0,0.0,0.0,2000
HandWritten-Mfeat__TMC,native_nonvacuity,6,1,mad,0.0,0.0,0.0,2000
HandWritten-Mfeat__TMC,posterior_confidence,1,1,iqr,0.0,0.0,0.0,2000
HandWritten-Mfeat__TMC,posterior_confidence,1,1,range,0.0,0.0,0.0,2000
HandWritten-Mfeat__TMC,posterior_confidence,1,1,mad,0.0,0.0,0.0,2000
HandWritten-Mfeat__TMC,posterior_confidence,2,31,iqr,0.06150296091911772,0.046286029671765365,0.08731923943124888,2000
HandWritten-Mfeat__TMC,posterior_confidence,2,31,range,0.49560366751237844,0.4845309065758377,0.5072491430579928,2000
HandWritten-Mfeat__TMC,posterior_confidence,2,31,mad,0.0321315641010244,0.023059338522757638,0.04523115737441134,2000
HandWritten-Mfeat__TMC,posterior_confidence,3,90,iqr,0.06879123664896397,0.051764771331076695,0.08917320327956454,2000
HandWritten-Mfeat__TMC,posterior_confidence,3,90,range,0.23416689847443656,0.2071007419029396,0.2618994918526347,2000
HandWritten-Mfeat__TMC,posterior_confidence,3,90,mad,0.03767236305560871,0.02645640644736584,0.04645433963789484,2000
HandWritten-Mfeat__TMC,posterior_confidence,4,65,iqr,0.001959487888146423,0.0,0.0066274732808938785,2000
HandWritten-Mfeat__TMC,posterior_confidence,4,65,range,0.046362785705790346,0.031195807603091687,0.06482205290000066,2000
HandWritten-Mfeat__TMC,posterior_confidence,4,65,mad,0.0014521596395439134,0.0,0.004971902319081735,2000
HandWritten-Mfeat__TMC,posterior_confidence,5,15,iqr,0.0007770848452604439,0.0,0.002699405139963439,2000
HandWritten-Mfeat__TMC,posterior_confidence,5,15,range,0.0013726209636373506,0.0,0.004790045318057344,2000
HandWritten-Mfeat__TMC,posterior_confidence,5,15,mad,0.0002733583340286396,0.0,0.0011799608627978179,2000
HandWritten-Mfeat__TMC,posterior_confidence,6,1,iqr,0.0,0.0,0.0,2000
HandWritten-Mfeat__TMC,posterior_confidence,6,1,range,0.0,0.0,0.0,2000
HandWritten-Mfeat__TMC,posterior_confidence,6,1,mad,0.0,0.0,0.0,2000
HandWritten-Mfeat__RCML,native_nonvacuity,1,1,iqr,0.0,0.0,0.0,2000
HandWritten-Mfeat__RCML,native_nonvacuity,1,1,range,0.0,0.0,0.0,2000
HandWritten-Mfeat__RCML,native_nonvacuity,1,1,mad,0.0,0.0,0.0,2000
HandWritten-Mfeat__RCML,native_nonvacuity,2,31,iqr,0.0032033219317739534,0.0019777185381504073,0.005940771844065756,2000
HandWritten-Mfeat__RCML,native_nonvacuity,2,31,range,0.049012312079762435,0.034096136182723585,0.0675247181513492,2000
HandWritten-Mfeat__RCML,native_nonvacuity,2,31,mad,0.0017043865086222997,0.000921476448635421,0.002959559799506094,2000
HandWritten-Mfeat__RCML,native_nonvacuity,3,90,iqr,0.002296215335830981,0.001205912658772491,0.004210843877123009,2000
HandWritten-Mfeat__RCML,native_nonvacuity,3,90,range,0.018824127540786145,0.011052364929280174,0.029016341602304346,2000
HandWritten-Mfeat__RCML,native_nonvacuity,3,90,mad,0.0007574008647885258,8.687638193622269e-06,0.0016507287824469306,2000
HandWritten-Mfeat__RCML,native_nonvacuity,4,65,iqr,0.0005377297116524896,0.0,0.0014630991713785089,2000
HandWritten-Mfeat__RCML,native_nonvacuity,4,65,range,0.002660567146609217,0.0007727234326924359,0.0063739420463253095,2000
HandWritten-Mfeat__RCML,native_nonvacuity,4,65,mad,0.00028371596582945724,0.0,0.000574988632134472,2000
HandWritten-Mfeat__RCML,native_nonvacuity,5,15,iqr,0.0002943011310037024,0.0,0.0007451916028242227,2000
HandWritten-Mfeat__RCML,native_nonvacuity,5,15,range,0.00043622899978728306,0.0,0.00165681036796376,2000
HandWritten-Mfeat__RCML,native_nonvacuity,5,15,mad,0.00010685496128480659,0.0,0.00036462370764011893,2000
HandWritten-Mfeat__RCML,native_nonvacuity,6,1,iqr,0.0,0.0,0.0,2000
HandWritten-Mfeat__RCML,native_nonvacuity,6,1,range,0.0,0.0,0.0,2000
HandWritten-Mfeat__RCML,native_nonvacuity,6,1,mad,0.0,0.0,0.0,2000
HandWritten-Mfeat__RCML,posterior_confidence,1,1,iqr,0.0,0.0,0.0,2000
HandWritten-Mfeat__RCML,posterior_confidence,1,1,range,0.0,0.0,0.0,2000
HandWritten-Mfeat__RCML,posterior_confidence,1,1,mad,0.0,0.0,0.0,2000
HandWritten-Mfeat__RCML,posterior_confidence,2,31,iqr,0.0024536364409531463,0.0012952687550016285,0.0047121529533665435,2000
HandWritten-Mfeat__RCML,posterior_confidence,2,31,range,0.03651486713286689,0.027043066532350356,0.05068212495453845,2000
HandWritten-Mfeat__RCML,posterior_confidence,2,31,mad,0.0012441699456261673,0.0006067666127782392,0.0024151675062560845,2000
HandWritten-Mfeat__RCML,posterior_confidence,3,90,iqr,0.001398248869378546,0.0004609647242347049,0.0026929326307966782,2000
HandWritten-Mfeat__RCML,posterior_confidence,3,90,range,0.01393365316995705,0.008569975238863882,0.020813577868722243,2000
HandWritten-Mfeat__RCML,posterior_confidence,3,90,mad,2.3112343353787854e-05,0.0,0.00020037249104557203,2000
HandWritten-Mfeat__RCML,posterior_confidence,4,65,iqr,0.0,0.0,1.48259847516974e-05,2000
HandWritten-Mfeat__RCML,posterior_confidence,4,65,range,0.0005088593140806262,8.688604288996371e-07,0.0015691015008990317,2000
HandWritten-Mfeat__RCML,posterior_confidence,4,65,mad,0.0,0.0,0.0,2000
HandWritten-Mfeat__RCML,posterior_confidence,5,15,iqr,0.0,0.0,0.0,2000
HandWritten-Mfeat__RCML,posterior_confidence,5,15,range,0.0,0.0,0.0,2000
HandWritten-Mfeat__RCML,posterior_confidence,5,15,mad,0.0,0.0,0.0,2000
HandWritten-Mfeat__RCML,posterior_confidence,6,1,iqr,0.0,0.0,0.0,2000
HandWritten-Mfeat__RCML,posterior_confidence,6,1,range,0.0,0.0,0.0,2000
HandWritten-Mfeat__RCML,posterior_confidence,6,1,mad,0.0,0.0,0.0,2000
