method,arm,metric,donor_macro,seed_sd,seed_min,seed_max,seeds,donors,records,pair_id,support_low,support_high
PACT,native,ncsAURC,7.745204487875471e-05,5.280280372720532e-05,0.0,0.00014916498629853497,5,6,200,HandWritten-Mfeat__TMC,0.1,0.9
PACT,native,accuracy,0.9800000000000001,0.0,0.9800000000000001,0.9800000000000001,5,6,200,HandWritten-Mfeat__TMC,0.1,0.9
PACT,native,macro_f1,0.9799874921826142,0.0,0.9799874921826142,0.9799874921826142,5,6,200,HandWritten-Mfeat__TMC,0.1,0.9
PACT,native,nll,0.650709477056065,0.0013670017328550074,0.6486054756299646,0.6520037356471627,5,6,200,HandWritten-Mfeat__TMC,0.1,0.9
PACT,native,brier,0.2510324861135178,0.0006151491169239436,0.2500691400166535,0.2516239736960734,5,6,200,HandWritten-Mfeat__TMC,0.1,0.9
PACT,native,ece_10bin,0.43453361363657983,0.0005616545099042907,0.4337956387468358,0.4352064582162581,5,6,200,HandWritten-Mfeat__TMC,0.1,0.9
PACT,native,risk_at_0p10,0.0,0.0,0.0,0.0,5,6,200,HandWritten-Mfeat__TMC,0.1,0.9
PACT,native,posterior_l1_from_native,0.0,0.0,0.0,0.0,5,6,200,HandWritten-Mfeat__TMC,0.1,0.9
PACT,native,budget_ratio,1.0,0.0,1.0,1.0,5,6,200,HandWritten-Mfeat__TMC,0.1,0.9
PACT,native,top_class_flip_rate,0.0,0.0,0.0,0.0,5,6,200,HandWritten-Mfeat__TMC,0.1,0.9
PACT,registered_copy_m8,ncsAURC,7.745204487875471e-05,5.280280372720532e-05,0.0,0.00014916498629853497,5,6,200,HandWritten-Mfeat__TMC,0.1,0.9
PACT,registered_copy_m8,accuracy,0.9800000000000001,0.0,0.9800000000000001,0.9800000000000001,5,6,200,HandWritten-Mfeat__TMC,0.1,0.9
PACT,registered_copy_m8,macro_f1,0.9799874921826142,0.0,0.9799874921826142,0.9799874921826142,5,6,200,HandWritten-Mfeat__TMC,0.1,0.9
PACT,registered_copy_m8,nll,0.650709477056065,0.0013670017328550074,0.6486054756299646,0.6520037356471627,5,6,200,HandWritten-Mfeat__TMC,0.1,0.9
PACT,registered_copy_m8,brier,0.2510324861135178,0.0006151491169239436,0.2500691400166535,0.2516239736960734,5,6,200,HandWritten-Mfeat__TMC,0.1,0.9
PACT,registered_copy_m8,ece_10bin,0.43453361363657983,0.0005616545099042907,0.4337956387468358,0.4352064582162581,5,6,200,HandWritten-Mfeat__TMC,0.1,0.9
PACT,registered_copy_m8,risk_at_0p10,0.0,0.0,0.0,0.0,5,6,200,HandWritten-Mfeat__TMC,0.1,0.9
PACT,registered_copy_m8,posterior_l1_from_native,5.7824115865893566e-21,7.081978934950617e-21,0.0,1.734723475976807e-20,5,6,200,HandWritten-Mfeat__TMC,0.1,0.9
PACT,registered_copy_m8,budget_ratio,1.0,0.0,1.0,1.0,5,6,200,HandWritten-Mfeat__TMC,0.1,0.9
PACT,registered_copy_m8,top_class_flip_rate,0.0,0.0,0.0,0.0,5,6,200,HandWritten-Mfeat__TMC,0.1,0.9
PACT,false_split_m8,ncsAURC,0.004991696296443934,0.000657557949077033,0.003832361140257108,0.005385379499468018,5,6,200,HandWritten-Mfeat__TMC,0.1,0.9
PACT,false_split_m8,accuracy,0.9763333333333332,0.0012638125740086466,0.9741666666666665,0.9775,5,6,200,HandWritten-Mfeat__TMC,0.1,0.9
PACT,false_split_m8,macro_f1,0.9762472952152027,0.0013028070920409359,0.9740169262633961,0.977459177179973,5,6,200,HandWritten-Mfeat__TMC,0.1,0.9
PACT,false_split_m8,nll,0.5807043677746309,0.0021192663994166116,0.5779808764847176,0.5838352004979983,5,6,200,HandWritten-Mfeat__TMC,0.1,0.9
PACT,false_split_m8,brier,0.22344315332843045,0.0009889316217695273,0.22219214509147545,0.22494719276768335,5,6,200,HandWritten-Mfeat__TMC,0.1,0.9
PACT,false_split_m8,ece_10bin,0.3779221526043216,0.0013223800537574939,0.37577147437520786,0.3790569236522739,5,6,200,HandWritten-Mfeat__TMC,0.1,0.9
PACT,false_split_m8,risk_at_0p10,0.006666666666666666,0.0037267799624996494,0.0,0.008333333333333333,5,6,200,HandWritten-Mfeat__TMC,0.1,0.9
PACT,false_split_m8,posterior_l1_from_native,0.24627270356942152,0.00253021971779342,0.24211699823180174,0.24847279514960596,5,6,200,HandWritten-Mfeat__TMC,0.1,0.9
PACT,false_split_m8,budget_ratio,2.166666666666667,4.440892098500626e-16,2.1666666666666665,2.1666666666666674,5,6,200,HandWritten-Mfeat__TMC,0.1,0.9
PACT,false_split_m8,top_class_flip_rate,0.009166666666666667,0.00195433989992643,0.007499999999999999,0.012500000000000002,5,6,200,HandWritten-Mfeat__TMC,0.1,0.9
PACT,all_view_merge,ncsAURC,0.48945670266792857,0.05609499036351729,0.4327114040089874,0.5812582223461225,5,6,200,HandWritten-Mfeat__TMC,0.1,0.9
PACT,all_view_merge,accuracy,0.354,0.026315394733881534,0.32,0.385,5,6,200,HandWritten-Mfeat__TMC,0.1,0.9
PACT,all_view_merge,macro_f1,0.2505919354284604,0.020232399142223946,0.22148946033262804,0.27462292892459955,5,6,200,HandWritten-Mfeat__TMC,0.1,0.9
PACT,all_view_merge,nll,2.2913320745307404,0.002839777811217962,2.287085264358191,2.2945037122569087,5,6,200,HandWritten-Mfeat__TMC,0.1,0.9
PACT,all_view_merge,brier,0.897684766547026,0.0005939461946507429,0.8967891762574233,0.8983364862564178,5,6,200,HandWritten-Mfeat__TMC,0.1,0.9
PACT,all_view_merge,ece_10bin,0.2522368372442219,0.026410801864976397,0.21771538443681485,0.2830633049213542,5,6,200,HandWritten-Mfeat__TMC,0.1,0.9
PACT,all_view_merge,risk_at_0p10,0.12,0.057008771254956896,0.049999999999999996,0.19999999999999998,5,6,200,HandWritten-Mfeat__TMC,0.1,0.9
PACT,all_view_merge,posterior_l1_from_native,0.8995608981818443,0.0008961073918270345,0.8987747265244684,0.9009229864068807,5,6,200,HandWritten-Mfeat__TMC,0.1,0.9
PACT,all_view_merge,budget_ratio,0.0015883854505441566,0.0002567086154149887,0.001308193604949189,0.0019580935069816344,5,6,200,HandWritten-Mfeat__TMC,0.1,0.9
PACT,all_view_merge,top_class_flip_rate,0.645,0.024748737341529117,0.6150000000000001,0.6749999999999999,5,6,200,HandWritten-Mfeat__TMC,0.1,0.9
product,native,ncsAURC,6.349206349206364e-05,3.549314249999674e-05,0.0,7.936507936507954e-05,5,6,200,HandWritten-Mfeat__TMC,0.1,0.9
product,native,accuracy,0.9790000000000001,0.0022360679774998415,0.975,0.9800000000000001,5,6,200,HandWritten-Mfeat__TMC,0.1,0.9
product,native,macro_f1,0.9789328856851321,0.0023581718178826935,0.9747144596952042,0.9799874921826142,5,6,200,HandWritten-Mfeat__TMC,0.1,0.9
product,native,nll,0.21003266757359915,0.007185831392283552,0.2027884764187949,0.22144531798121966,5,6,200,HandWritten-Mfeat__TMC,0.1,0.9
product,native,brier,0.060698130097904,0.0023310266617743384,0.05822413694126377,0.06440968524896724,5,6,200,HandWritten-Mfeat__TMC,0.1,0.9
product,native,ece_10bin,0.12899686520543624,0.005145479252575874,0.12499666169618355,0.13742913427659062,5,6,200,HandWritten-Mfeat__TMC,0.1,0.9
product,native,risk_at_0p10,0.0,0.0,0.0,0.0,5,6,200,HandWritten-Mfeat__TMC,0.1,0.9
product,native,posterior_l1_from_native,0.0,0.0,0.0,0.0,5,6,200,HandWritten-Mfeat__TMC,0.1,0.9
product,native,budget_ratio,nan,nan,nan,nan,5,6,200,HandWritten-Mfeat__TMC,0.1,0.9
product,native,top_class_flip_rate,0.0,0.0,0.0,0.0,5,6,200,HandWritten-Mfeat__TMC,0.1,0.9
product,registered_copy_m8,ncsAURC,0.0014609409712065234,0.0002730121452236287,0.0012315044571282058,0.0019232593999071266,5,6,200,HandWritten-Mfeat__TMC,0.1,0.9
product,registered_copy_m8,accuracy,0.9729999999999999,0.0015138251770487777,0.9708333333333332,0.975,5,6,200,HandWritten-Mfeat__TMC,0.1,0.9
product,registered_copy_m8,macro_f1,0.9728323419265145,0.0015413173753159265,0.9705948117820076,0.9748145676675843,5,6,200,HandWritten-Mfeat__TMC,0.1,0.9
product,registered_copy_m8,nll,0.17774311695050124,0.005880514812818322,0.17396282810260608,0.18791792715268255,5,6,200,HandWritten-Mfeat__TMC,0.1,0.9
product,registered_copy_m8,brier,0.0581837459410663,0.0019078062475006495,0.05684293700168378,0.061544159201192494,5,6,200,HandWritten-Mfeat__TMC,0.1,0.9
product,registered_copy_m8,ece_10bin,0.07331670242381225,0.004023448152909922,0.06875137185051305,0.07969463645161891,5,6,200,HandWritten-Mfeat__TMC,0.1,0.9
product,registered_copy_m8,risk_at_0p10,0.0,0.0,0.0,0.0,5,6,200,HandWritten-Mfeat__TMC,0.1,0.9
product,registered_copy_m8,posterior_l1_from_native,0.17395456002270898,0.0020630890214115593,0.1707297056193475,0.17572879684021003,5,6,200,HandWritten-Mfeat__TMC,0.1,0.9
product,registered_copy_m8,budget_ratio,nan,nan,nan,nan,5,6,200,HandWritten-Mfeat__TMC,0.1,0.9
product,registered_copy_m8,top_class_flip_rate,0.015166666666666667,0.0024579802006254366,0.011666666666666667,0.017499999999999998,5,6,200,HandWritten-Mfeat__TMC,0.1,0.9
product,false_split_m8,ncsAURC,0.0014609409712065234,0.0002730121452236287,0.0012315044571282058,0.0019232593999071266,5,6,200,HandWritten-Mfeat__TMC,0.1,0.9
product,false_split_m8,accuracy,0.9729999999999999,0.0015138251770487777,0.9708333333333332,0.975,5,6,200,HandWritten-Mfeat__TMC,0.1,0.9
product,false_split_m8,macro_f1,0.9728323419265145,0.0015413173753159265,0.9705948117820076,0.9748145676675843,5,6,200,HandWritten-Mfeat__TMC,0.1,0.9
product,false_split_m8,nll,0.17774311695050124,0.005880514812818322,0.17396282810260608,0.18791792715268255,5,6,200,HandWritten-Mfeat__TMC,0.1,0.9
product,false_split_m8,brier,0.0581837459410663,0.0019078062475006495,0.05684293700168378,0.061544159201192494,5,6,200,HandWritten-Mfeat__TMC,0.1,0.9
product,false_split_m8,ece_10bin,0.07331670242381225,0.004023448152909922,0.06875137185051305,0.07969463645161891,5,6,200,HandWritten-Mfeat__TMC,0.1,0.9
product,false_split_m8,risk_at_0p10,0.0,0.0,0.0,0.0,5,6,200,HandWritten-Mfeat__TMC,0.1,0.9
product,false_split_m8,posterior_l1_from_native,0.17395456002270898,0.0020630890214115593,0.1707297056193475,0.17572879684021003,5,6,200,HandWritten-Mfeat__TMC,0.1,0.9
product,false_split_m8,budget_ratio,nan,nan,nan,nan,5,6,200,HandWritten-Mfeat__TMC,0.1,0.9
product,false_split_m8,top_class_flip_rate,0.015166666666666667,0.0024579802006254366,0.011666666666666667,0.017499999999999998,5,6,200,HandWritten-Mfeat__TMC,0.1,0.9
product,all_view_merge,ncsAURC,6.349206349206364e-05,3.549314249999674e-05,0.0,7.936507936507954e-05,5,6,200,HandWritten-Mfeat__TMC,0.1,0.9
product,all_view_merge,accuracy,0.9790000000000001,0.0022360679774998415,0.975,0.9800000000000001,5,6,200,HandWritten-Mfeat__TMC,0.1,0.9
product,all_view_merge,macro_f1,0.9789328856851321,0.0023581718178826935,0.9747144596952042,0.9799874921826142,5,6,200,HandWritten-Mfeat__TMC,0.1,0.9
product,all_view_merge,nll,0.21003266757359915,0.007185831392283552,0.2027884764187949,0.22144531798121966,5,6,200,HandWritten-Mfeat__TMC,0.1,0.9
product,all_view_merge,brier,0.060698130097904,0.0023310266617743384,0.05822413694126377,0.06440968524896724,5,6,200,HandWritten-Mfeat__TMC,0.1,0.9
product,all_view_merge,ece_10bin,0.12899686520543624,0.005145479252575874,0.12499666169618355,0.13742913427659062,5,6,200,HandWritten-Mfeat__TMC,0.1,0.9
product,all_view_merge,risk_at_0p10,0.0,0.0,0.0,0.0,5,6,200,HandWritten-Mfeat__TMC,0.1,0.9
product,all_view_merge,posterior_l1_from_native,0.0,0.0,0.0,0.0,5,6,200,HandWritten-Mfeat__TMC,0.1,0.9
product,all_view_merge,budget_ratio,nan,nan,nan,nan,5,6,200,HandWritten-Mfeat__TMC,0.1,0.9
product,all_view_merge,top_class_flip_rate,0.0,0.0,0.0,0.0,5,6,200,HandWritten-Mfeat__TMC,0.1,0.9
nested,native,ncsAURC,7.936507936507954e-05,0.0,7.936507936507954e-05,7.936507936507954e-05,5,6,200,HandWritten-Mfeat__TMC,0.1,0.9
nested,native,accuracy,0.9800000000000001,0.0,0.9800000000000001,0.9800000000000001,5,6,200,HandWritten-Mfeat__TMC,0.1,0.9
nested,native,macro_f1,0.9799874921826142,0.0,0.9799874921826142,0.9799874921826142,5,6,200,HandWritten-Mfeat__TMC,0.1,0.9
nested,native,nll,0.5330295732310922,0.0033697646658965826,0.5286668791713215,0.5373300824405683,5,6,200,HandWritten-Mfeat__TMC,0.1,0.9
nested,native,brier,0.19162217523472375,0.0015611570544936371,0.18948480166545398,0.19355690261626438,5,6,200,HandWritten-Mfeat__TMC,0.1,0.9
nested,native,ece_10bin,0.36254312878906886,0.0018392697824265807,0.36036548143783825,0.3648698665743466,5,6,200,HandWritten-Mfeat__TMC,0.1,0.9
nested,native,risk_at_0p10,0.0,0.0,0.0,0.0,5,6,200,HandWritten-Mfeat__TMC,0.1,0.9
nested,native,posterior_l1_from_native,0.0,0.0,0.0,0.0,5,6,200,HandWritten-Mfeat__TMC,0.1,0.9
nested,native,budget_ratio,nan,nan,nan,nan,5,6,200,HandWritten-Mfeat__TMC,0.1,0.9
nested,native,top_class_flip_rate,0.0,0.0,0.0,0.0,5,6,200,HandWritten-Mfeat__TMC,0.1,0.9
nested,registered_copy_m8,ncsAURC,0.004501311010423023,0.00014253998584519732,0.004330775662438843,0.004704239273089233,5,6,200,HandWritten-Mfeat__TMC,0.1,0.9
nested,registered_copy_m8,accuracy,0.9761666666666666,0.0012638125740086577,0.9741666666666665,0.9775,5,6,200,HandWritten-Mfeat__TMC,0.1,0.9
nested,registered_copy_m8,macro_f1,0.9760705713542684,0.001290858891512404,0.9740169262633961,0.9774125471590169,5,6,200,HandWritten-Mfeat__TMC,0.1,0.9
nested,registered_copy_m8,nll,0.4130044387433508,0.004888683480287339,0.4071685679208656,0.419058667820616,5,6,200,HandWritten-Mfeat__TMC,0.1,0.9
nested,registered_copy_m8,brier,0.15308167134386683,0.002108187845046052,0.15044927113468876,0.15559851554438367,5,6,200,HandWritten-Mfeat__TMC,0.1,0.9
nested,registered_copy_m8,ece_10bin,0.26177307009567924,0.0026119772870373354,0.25796711058184246,0.2643699172306368,5,6,200,HandWritten-Mfeat__TMC,0.1,0.9
nested,registered_copy_m8,risk_at_0p10,0.0,0.0,0.0,0.0,5,6,200,HandWritten-Mfeat__TMC,0.1,0.9
nested,registered_copy_m8,posterior_l1_from_native,0.3095247562094335,0.0035449815974369727,0.30366810955521667,0.31258722042620163,5,6,200,HandWritten-Mfeat__TMC,0.1,0.9
nested,registered_copy_m8,budget_ratio,nan,nan,nan,nan,5,6,200,HandWritten-Mfeat__TMC,0.1,0.9
nested,registered_copy_m8,top_class_flip_rate,0.009666666666666667,0.0016244657241348286,0.008333333333333333,0.012500000000000002,5,6,200,HandWritten-Mfeat__TMC,0.1,0.9
nested,false_split_m8,ncsAURC,0.004501311010423023,0.00014253998584519732,0.004330775662438843,0.004704239273089233,5,6,200,HandWritten-Mfeat__TMC,0.1,0.9
nested,false_split_m8,accuracy,0.9761666666666666,0.0012638125740086577,0.9741666666666665,0.9775,5,6,200,HandWritten-Mfeat__TMC,0.1,0.9
nested,false_split_m8,macro_f1,0.9760705713542684,0.001290858891512404,0.9740169262633961,0.9774125471590169,5,6,200,HandWritten-Mfeat__TMC,0.1,0.9
nested,false_split_m8,nll,0.4130044387433508,0.004888683480287339,0.4071685679208656,0.419058667820616,5,6,200,HandWritten-Mfeat__TMC,0.1,0.9
nested,false_split_m8,brier,0.15308167134386683,0.002108187845046052,0.15044927113468876,0.15559851554438367,5,6,200,HandWritten-Mfeat__TMC,0.1,0.9
nested,false_split_m8,ece_10bin,0.26177307009567924,0.0026119772870373354,0.25796711058184246,0.2643699172306368,5,6,200,HandWritten-Mfeat__TMC,0.1,0.9
nested,false_split_m8,risk_at_0p10,0.0,0.0,0.0,0.0,5,6,200,HandWritten-Mfeat__TMC,0.1,0.9
nested,false_split_m8,posterior_l1_from_native,0.3095247562094335,0.0035449815974369727,0.30366810955521667,0.31258722042620163,5,6,200,HandWritten-Mfeat__TMC,0.1,0.9
nested,false_split_m8,budget_ratio,nan,nan,nan,nan,5,6,200,HandWritten-Mfeat__TMC,0.1,0.9
nested,false_split_m8,top_class_flip_rate,0.009666666666666667,0.0016244657241348286,0.008333333333333333,0.012500000000000002,5,6,200,HandWritten-Mfeat__TMC,0.1,0.9
nested,all_view_merge,ncsAURC,7.936507936507954e-05,0.0,7.936507936507954e-05,7.936507936507954e-05,5,6,200,HandWritten-Mfeat__TMC,0.1,0.9
nested,all_view_merge,accuracy,0.9800000000000001,0.0,0.9800000000000001,0.9800000000000001,5,6,200,HandWritten-Mfeat__TMC,0.1,0.9
nested,all_view_merge,macro_f1,0.9799874921826142,0.0,0.9799874921826142,0.9799874921826142,5,6,200,HandWritten-Mfeat__TMC,0.1,0.9
nested,all_view_merge,nll,0.5330295732310922,0.0033697646658965826,0.5286668791713215,0.5373300824405683,5,6,200,HandWritten-Mfeat__TMC,0.1,0.9
nested,all_view_merge,brier,0.19162217523472375,0.0015611570544936371,0.18948480166545398,0.19355690261626438,5,6,200,HandWritten-Mfeat__TMC,0.1,0.9
nested,all_view_merge,ece_10bin,0.36254312878906886,0.0018392697824265807,0.36036548143783825,0.3648698665743466,5,6,200,HandWritten-Mfeat__TMC,0.1,0.9
nested,all_view_merge,risk_at_0p10,0.0,0.0,0.0,0.0,5,6,200,HandWritten-Mfeat__TMC,0.1,0.9
nested,all_view_merge,posterior_l1_from_native,0.0,0.0,0.0,0.0,5,6,200,HandWritten-Mfeat__TMC,0.1,0.9
nested,all_view_merge,budget_ratio,nan,nan,nan,nan,5,6,200,HandWritten-Mfeat__TMC,0.1,0.9
nested,all_view_merge,top_class_flip_rate,0.0,0.0,0.0,0.0,5,6,200,HandWritten-Mfeat__TMC,0.1,0.9
PACT,native,ncsAURC,0.0,0.0,0.0,0.0,5,6,400,HandWritten-Mfeat__RCML,0.1,0.9
PACT,native,accuracy,0.985,0.001767766952966331,0.9825,0.9874999999999999,5,6,400,HandWritten-Mfeat__RCML,0.1,0.9
PACT,native,macro_f1,0.9849936849860633,0.0017584511116764802,0.9824929647192177,0.9874663709473834,5,6,400,HandWritten-Mfeat__RCML,0.1,0.9
PACT,native,nll,0.3952471129988477,0.0009660938302984185,0.39416809510959405,0.39620011444303166,5,6,400,HandWritten-Mfeat__RCML,0.1,0.9
PACT,native,brier,0.1256274865496153,0.00046637033561211565,0.12506285746682513,0.12608270570157287,5,6,400,HandWritten-Mfeat__RCML,0.1,0.9
PACT,native,ece_10bin,0.2866648710316639,0.001557467246533946,0.2845204405488136,0.2887427239534937,5,6,400,HandWritten-Mfeat__RCML,0.1,0.9
PACT,native,risk_at_0p10,0.0,0.0,0.0,0.0,5,6,400,HandWritten-Mfeat__RCML,0.1,0.9
PACT,native,posterior_l1_from_native,0.0,0.0,0.0,0.0,5,6,400,HandWritten-Mfeat__RCML,0.1,0.9
PACT,native,budget_ratio,1.0,0.0,1.0,1.0,5,6,400,HandWritten-Mfeat__RCML,0.1,0.9
PACT,native,top_class_flip_rate,0.0,0.0,0.0,0.0,5,6,400,HandWritten-Mfeat__RCML,0.1,0.9
PACT,registered_copy_m8,ncsAURC,0.0,0.0,0.0,0.0,5,6,400,HandWritten-Mfeat__RCML,0.1,0.9
PACT,registered_copy_m8,accuracy,0.985,0.001767766952966331,0.9825,0.9874999999999999,5,6,400,HandWritten-Mfeat__RCML,0.1,0.9
PACT,registered_copy_m8,macro_f1,0.9849936849860633,0.0017584511116764802,0.9824929647192177,0.9874663709473834,5,6,400,HandWritten-Mfeat__RCML,0.1,0.9
PACT,registered_copy_m8,nll,0.3952471129988477,0.0009660938302984185,0.39416809510959405,0.39620011444303166,5,6,400,HandWritten-Mfeat__RCML,0.1,0.9
PACT,registered_copy_m8,brier,0.1256274865496153,0.00046637033561211565,0.12506285746682513,0.12608270570157287,5,6,400,HandWritten-Mfeat__RCML,0.1,0.9
PACT,registered_copy_m8,ece_10bin,0.2866648710316639,0.001557467246533946,0.2845204405488136,0.2887427239534937,5,6,400,HandWritten-Mfeat__RCML,0.1,0.9
PACT,registered_copy_m8,risk_at_0p10,0.0,0.0,0.0,0.0,5,6,400,HandWritten-Mfeat__RCML,0.1,0.9
PACT,registered_copy_m8,posterior_l1_from_native,2.4575249243004772e-20,1.382800592036895e-20,5.782411586589357e-21,4.0476881106125495e-20,5,6,400,HandWritten-Mfeat__RCML,0.1,0.9
PACT,registered_copy_m8,budget_ratio,1.0,0.0,1.0,1.0,5,6,400,HandWritten-Mfeat__RCML,0.1,0.9
PACT,registered_copy_m8,top_class_flip_rate,0.0,0.0,0.0,0.0,5,6,400,HandWritten-Mfeat__RCML,0.1,0.9
PACT,false_split_m8,ncsAURC,0.0024423407529732544,6.675164146024339e-05,0.0023472777520881995,0.002492756336084151,5,6,400,HandWritten-Mfeat__RCML,0.1,0.9
PACT,false_split_m8,accuracy,0.9725000000000001,0.0005103103630797952,0.9720833333333333,0.9733333333333333,5,6,400,HandWritten-Mfeat__RCML,0.1,0.9
PACT,false_split_m8,macro_f1,0.9725180093852683,0.000511798705662692,0.9720954269256813,0.9733511522232062,5,6,400,HandWritten-Mfeat__RCML,0.1,0.9
PACT,false_split_m8,nll,0.31514306456089775,0.001075435964772735,0.3137643217588418,0.31605206211211095,5,6,400,HandWritten-Mfeat__RCML,0.1,0.9
PACT,false_split_m8,brier,0.1016207933188353,0.0004955941515172211,0.1009960970447566,0.10204317139424035,5,6,400,HandWritten-Mfeat__RCML,0.1,0.9
PACT,false_split_m8,ece_10bin,0.20618750057128388,0.0006783568460995226,0.20544258217689185,0.20727950374029278,5,6,400,HandWritten-Mfeat__RCML,0.1,0.9
PACT,false_split_m8,risk_at_0p10,0.0,0.0,0.0,0.0,5,6,400,HandWritten-Mfeat__RCML,0.1,0.9
PACT,false_split_m8,posterior_l1_from_native,0.21427806200789296,0.0009453376266271947,0.21309956261193994,0.2156781104409068,5,6,400,HandWritten-Mfeat__RCML,0.1,0.9
PACT,false_split_m8,budget_ratio,2.1666666666666665,2.220446049250313e-16,2.1666666666666665,2.166666666666667,5,6,400,HandWritten-Mfeat__RCML,0.1,0.9
PACT,false_split_m8,top_class_flip_rate,0.01791666666666667,0.0014129854131510978,0.01625,0.019583333333333335,5,6,400,HandWritten-Mfeat__RCML,0.1,0.9
PACT,all_view_merge,ncsAURC,0.0182270557832126,0.004708072658485361,0.01152937077493966,0.024823460890152003,5,6,400,HandWritten-Mfeat__RCML,0.1,0.9
PACT,all_view_merge,accuracy,0.9145,0.020186629238186305,0.89,0.9399999999999998,5,6,400,HandWritten-Mfeat__RCML,0.1,0.9
PACT,all_view_merge,macro_f1,0.912445674188967,0.022887608715831762,0.8848988980975186,0.9407703172340655,5,6,400,HandWritten-Mfeat__RCML,0.1,0.9
PACT,all_view_merge,nll,2.0435557032835296,0.00960669400160903,2.0289907267550187,2.052467571044488,5,6,400,HandWritten-Mfeat__RCML,0.1,0.9
PACT,all_view_merge,brier,0.8275441905338303,0.002966330989176845,0.8230229109697585,0.8307798072955016,5,6,400,HandWritten-Mfeat__RCML,0.1,0.9
PACT,all_view_merge,ece_10bin,0.7751014199936173,0.019210187855203453,0.7516061212143209,0.7981149513365948,5,6,400,HandWritten-Mfeat__RCML,0.1,0.9
PACT,all_view_merge,risk_at_0p10,0.0,0.0,0.0,0.0,5,6,400,HandWritten-Mfeat__RCML,0.1,0.9
PACT,all_view_merge,posterior_l1_from_native,1.1370417256279266,0.004289415211254153,1.1301186378340324,1.1407852109250214,5,6,400,HandWritten-Mfeat__RCML,0.1,0.9
PACT,all_view_merge,budget_ratio,0.016109334144648862,0.0007606094800928096,0.015242027677009924,0.017285204574874872,5,6,400,HandWritten-Mfeat__RCML,0.1,0.9
PACT,all_view_merge,top_class_flip_rate,0.07999999999999999,0.0187082869338697,0.0575,0.1025,5,6,400,HandWritten-Mfeat__RCML,0.1,0.9
product,native,ncsAURC,0.0,0.0,0.0,0.0,5,6,400,HandWritten-Mfeat__RCML,0.1,0.9
product,native,accuracy,0.983,0.001118033988749871,0.9825,0.985,5,6,400,HandWritten-Mfeat__RCML,0.1,0.9
product,native,macro_f1,0.9829935119728781,0.0011192576851353348,0.9824929647192177,0.9849957009875193,5,6,400,HandWritten-Mfeat__RCML,0.1,0.9
product,native,nll,0.07397421846834042,0.0008691533296649138,0.0729721594287588,0.07536072598392586,5,6,400,HandWritten-Mfeat__RCML,0.1,0.9
product,native,brier,0.028409638373935415,0.00034871810229389306,0.02798396785893165,0.028921925742910387,5,6,400,HandWritten-Mfeat__RCML,0.1,0.9
product,native,ece_10bin,0.019428892523181363,0.0020805082218933557,0.017006316918925787,0.022341863374571332,5,6,400,HandWritten-Mfeat__RCML,0.1,0.9
product,native,risk_at_0p10,0.0,0.0,0.0,0.0,5,6,400,HandWritten-Mfeat__RCML,0.1,0.9
product,native,posterior_l1_from_native,0.0,0.0,0.0,0.0,5,6,400,HandWritten-Mfeat__RCML,0.1,0.9
product,native,budget_ratio,nan,nan,nan,nan,5,6,400,HandWritten-Mfeat__RCML,0.1,0.9
product,native,top_class_flip_rate,0.0,0.0,0.0,0.0,5,6,400,HandWritten-Mfeat__RCML,0.1,0.9
product,registered_copy_m8,ncsAURC,0.0009022344204041296,1.4062872081828039e-05,0.0008841643709918899,0.0009229784775682226,5,6,400,HandWritten-Mfeat__RCML,0.1,0.9
product,registered_copy_m8,accuracy,0.9664166666666667,0.00022821773229386502,0.9662499999999999,0.9666666666666668,5,6,400,HandWritten-Mfeat__RCML,0.1,0.9
product,registered_copy_m8,macro_f1,0.9663676140895447,0.00022791528738228654,0.9661779039757596,0.966624515122521,5,6,400,HandWritten-Mfeat__RCML,0.1,0.9
product,registered_copy_m8,nll,0.1472091643322652,0.0014802115637802234,0.14519071753723586,0.14922158144675185,5,6,400,HandWritten-Mfeat__RCML,0.1,0.9
product,registered_copy_m8,brier,0.05439811195100597,0.00038051958183499653,0.05383676168424736,0.054861374313957885,5,6,400,HandWritten-Mfeat__RCML,0.1,0.9
product,registered_copy_m8,ece_10bin,0.022287614562572677,0.0011199669040315168,0.021309886215717513,0.024141239930765893,5,6,400,HandWritten-Mfeat__RCML,0.1,0.9
product,registered_copy_m8,risk_at_0p10,0.0,0.0,0.0,0.0,5,6,400,HandWritten-Mfeat__RCML,0.1,0.9
product,registered_copy_m8,posterior_l1_from_native,0.07288386683278589,0.00033029061847218813,0.07259593730432397,0.07329746149523025,5,6,400,HandWritten-Mfeat__RCML,0.1,0.9
product,registered_copy_m8,budget_ratio,nan,nan,nan,nan,5,6,400,HandWritten-Mfeat__RCML,0.1,0.9
product,registered_copy_m8,top_class_flip_rate,0.024083333333333335,0.0005432668671002209,0.023333333333333334,0.024583333333333336,5,6,400,HandWritten-Mfeat__RCML,0.1,0.9
product,false_split_m8,ncsAURC,0.0009022344204041296,1.4062872081828039e-05,0.0008841643709918899,0.0009229784775682226,5,6,400,HandWritten-Mfeat__RCML,0.1,0.9
product,false_split_m8,accuracy,0.9664166666666667,0.00022821773229386502,0.9662499999999999,0.9666666666666668,5,6,400,HandWritten-Mfeat__RCML,0.1,0.9
product,false_split_m8,macro_f1,0.9663676140895447,0.00022791528738228654,0.9661779039757596,0.966624515122521,5,6,400,HandWritten-Mfeat__RCML,0.1,0.9
product,false_split_m8,nll,0.1472091643322652,0.0014802115637802234,0.14519071753723586,0.14922158144675185,5,6,400,HandWritten-Mfeat__RCML,0.1,0.9
product,false_split_m8,brier,0.05439811195100597,0.00038051958183499653,0.05383676168424736,0.054861374313957885,5,6,400,HandWritten-Mfeat__RCML,0.1,0.9
product,false_split_m8,ece_10bin,0.022287614562572677,0.0011199669040315168,0.021309886215717513,0.024141239930765893,5,6,400,HandWritten-Mfeat__RCML,0.1,0.9
product,false_split_m8,risk_at_0p10,0.0,0.0,0.0,0.0,5,6,400,HandWritten-Mfeat__RCML,0.1,0.9
product,false_split_m8,posterior_l1_from_native,0.07288386683278589,0.00033029061847218813,0.07259593730432397,0.07329746149523025,5,6,400,HandWritten-Mfeat__RCML,0.1,0.9
product,false_split_m8,budget_ratio,nan,nan,nan,nan,5,6,400,HandWritten-Mfeat__RCML,0.1,0.9
product,false_split_m8,top_class_flip_rate,0.024083333333333335,0.0005432668671002209,0.023333333333333334,0.024583333333333336,5,6,400,HandWritten-Mfeat__RCML,0.1,0.9
product,all_view_merge,ncsAURC,0.0,0.0,0.0,0.0,5,6,400,HandWritten-Mfeat__RCML,0.1,0.9
product,all_view_merge,accuracy,0.983,0.001118033988749871,0.9825,0.985,5,6,400,HandWritten-Mfeat__RCML,0.1,0.9
product,all_view_merge,macro_f1,0.9829935119728781,0.0011192576851353348,0.9824929647192177,0.9849957009875193,5,6,400,HandWritten-Mfeat__RCML,0.1,0.9
product,all_view_merge,nll,0.07397421846834042,0.0008691533296649138,0.0729721594287588,0.07536072598392586,5,6,400,HandWritten-Mfeat__RCML,0.1,0.9
product,all_view_merge,brier,0.028409638373935415,0.00034871810229389306,0.02798396785893165,0.028921925742910387,5,6,400,HandWritten-Mfeat__RCML,0.1,0.9
product,all_view_merge,ece_10bin,0.019428892523181363,0.0020805082218933557,0.017006316918925787,0.022341863374571332,5,6,400,HandWritten-Mfeat__RCML,0.1,0.9
product,all_view_merge,risk_at_0p10,0.0,0.0,0.0,0.0,5,6,400,HandWritten-Mfeat__RCML,0.1,0.9
product,all_view_merge,posterior_l1_from_native,0.0,0.0,0.0,0.0,5,6,400,HandWritten-Mfeat__RCML,0.1,0.9
product,all_view_merge,budget_ratio,nan,nan,nan,nan,5,6,400,HandWritten-Mfeat__RCML,0.1,0.9
product,all_view_merge,top_class_flip_rate,0.0,0.0,0.0,0.0,5,6,400,HandWritten-Mfeat__RCML,0.1,0.9
nested,native,ncsAURC,0.0,0.0,0.0,0.0,5,6,400,HandWritten-Mfeat__RCML,0.1,0.9
nested,native,accuracy,0.985,0.001767766952966331,0.9825,0.9874999999999999,5,6,400,HandWritten-Mfeat__RCML,0.1,0.9
nested,native,macro_f1,0.9849938245217137,0.001768872614914675,0.9824929647192177,0.987496091673564,5,6,400,HandWritten-Mfeat__RCML,0.1,0.9
nested,native,nll,0.22511363994190775,0.0008400177802293037,0.22408716266330345,0.2262200926467048,5,6,400,HandWritten-Mfeat__RCML,0.1,0.9
nested,native,brier,0.06459966536048109,0.00034720042209340974,0.06417401233946801,0.06505601283556937,5,6,400,HandWritten-Mfeat__RCML,0.1,0.9
nested,native,ece_10bin,0.15342009071277152,0.0012995426167551239,0.1515927518401583,0.15506336553158198,5,6,400,HandWritten-Mfeat__RCML,0.1,0.9
nested,native,risk_at_0p10,0.0,0.0,0.0,0.0,5,6,400,HandWritten-Mfeat__RCML,0.1,0.9
nested,native,posterior_l1_from_native,0.0,0.0,0.0,0.0,5,6,400,HandWritten-Mfeat__RCML,0.1,0.9
nested,native,budget_ratio,nan,nan,nan,nan,5,6,400,HandWritten-Mfeat__RCML,0.1,0.9
nested,native,top_class_flip_rate,0.0,0.0,0.0,0.0,5,6,400,HandWritten-Mfeat__RCML,0.1,0.9
nested,registered_copy_m8,ncsAURC,0.001517689271452061,9.658876748063385e-05,0.001390699038526115,0.001591471606579854,5,6,400,HandWritten-Mfeat__RCML,0.1,0.9
nested,registered_copy_m8,accuracy,0.9700000000000001,0.0005103103630798632,0.9695833333333335,0.9708333333333335,5,6,400,HandWritten-Mfeat__RCML,0.1,0.9
nested,registered_copy_m8,macro_f1,0.9700163793671545,0.0005179192023349416,0.9695921568885847,0.9708624920634169,5,6,400,HandWritten-Mfeat__RCML,0.1,0.9
nested,registered_copy_m8,nll,0.14828008168163948,0.0008466102204135339,0.14760815011878478,0.14969838330916627,5,6,400,HandWritten-Mfeat__RCML,0.1,0.9
nested,registered_copy_m8,brier,0.055157960763172274,0.0003262250399816551,0.054821450762422064,0.055670446281419844,5,6,400,HandWritten-Mfeat__RCML,0.1,0.9
nested,registered_copy_m8,ece_10bin,0.06095836406784053,0.0006597281837523292,0.06003122680312873,0.06169671468051461,5,6,400,HandWritten-Mfeat__RCML,0.1,0.9
nested,registered_copy_m8,risk_at_0p10,0.0,0.0,0.0,0.0,5,6,400,HandWritten-Mfeat__RCML,0.1,0.9
nested,registered_copy_m8,posterior_l1_from_native,0.20765140151597433,0.0006611666151808345,0.20703570418873443,0.20854826873786167,5,6,400,HandWritten-Mfeat__RCML,0.1,0.9
nested,registered_copy_m8,budget_ratio,nan,nan,nan,nan,5,6,400,HandWritten-Mfeat__RCML,0.1,0.9
nested,registered_copy_m8,top_class_flip_rate,0.02,0.0008838834764831844,0.01875,0.020833333333333332,5,6,400,HandWritten-Mfeat__RCML,0.1,0.9
nested,false_split_m8,ncsAURC,0.001517689271452061,9.658876748063385e-05,0.001390699038526115,0.001591471606579854,5,6,400,HandWritten-Mfeat__RCML,0.1,0.9
nested,false_split_m8,accuracy,0.9700000000000001,0.0005103103630798632,0.9695833333333335,0.9708333333333335,5,6,400,HandWritten-Mfeat__RCML,0.1,0.9
nested,false_split_m8,macro_f1,0.9700163793671545,0.0005179192023349416,0.9695921568885847,0.9708624920634169,5,6,400,HandWritten-Mfeat__RCML,0.1,0.9
nested,false_split_m8,nll,0.14828008168163948,0.0008466102204135339,0.14760815011878478,0.14969838330916627,5,6,400,HandWritten-Mfeat__RCML,0.1,0.9
nested,false_split_m8,brier,0.055157960763172274,0.0003262250399816551,0.054821450762422064,0.055670446281419844,5,6,400,HandWritten-Mfeat__RCML,0.1,0.9
nested,false_split_m8,ece_10bin,0.06095836406784053,0.0006597281837523292,0.06003122680312873,0.06169671468051461,5,6,400,HandWritten-Mfeat__RCML,0.1,0.9
nested,false_split_m8,risk_at_0p10,0.0,0.0,0.0,0.0,5,6,400,HandWritten-Mfeat__RCML,0.1,0.9
nested,false_split_m8,posterior_l1_from_native,0.20765140151597433,0.0006611666151808345,0.20703570418873443,0.20854826873786167,5,6,400,HandWritten-Mfeat__RCML,0.1,0.9
nested,false_split_m8,budget_ratio,nan,nan,nan,nan,5,6,400,HandWritten-Mfeat__RCML,0.1,0.9
nested,false_split_m8,top_class_flip_rate,0.02,0.0008838834764831844,0.01875,0.020833333333333332,5,6,400,HandWritten-Mfeat__RCML,0.1,0.9
nested,all_view_merge,ncsAURC,0.0,0.0,0.0,0.0,5,6,400,HandWritten-Mfeat__RCML,0.1,0.9
nested,all_view_merge,accuracy,0.985,0.001767766952966331,0.9825,0.9874999999999999,5,6,400,HandWritten-Mfeat__RCML,0.1,0.9
nested,all_view_merge,macro_f1,0.9849938245217137,0.001768872614914675,0.9824929647192177,0.987496091673564,5,6,400,HandWritten-Mfeat__RCML,0.1,0.9
nested,all_view_merge,nll,0.22511363994190775,0.0008400177802293037,0.22408716266330345,0.2262200926467048,5,6,400,HandWritten-Mfeat__RCML,0.1,0.9
nested,all_view_merge,brier,0.06459966536048109,0.00034720042209340974,0.06417401233946801,0.06505601283556937,5,6,400,HandWritten-Mfeat__RCML,0.1,0.9
nested,all_view_merge,ece_10bin,0.15342009071277152,0.0012995426167551239,0.1515927518401583,0.15506336553158198,5,6,400,HandWritten-Mfeat__RCML,0.1,0.9
nested,all_view_merge,risk_at_0p10,0.0,0.0,0.0,0.0,5,6,400,HandWritten-Mfeat__RCML,0.1,0.9
nested,all_view_merge,posterior_l1_from_native,0.0,0.0,0.0,0.0,5,6,400,HandWritten-Mfeat__RCML,0.1,0.9
nested,all_view_merge,budget_ratio,nan,nan,nan,nan,5,6,400,HandWritten-Mfeat__RCML,0.1,0.9
nested,all_view_merge,top_class_flip_rate,0.0,0.0,0.0,0.0,5,6,400,HandWritten-Mfeat__RCML,0.1,0.9
