pairing,is_registered,accuracy,negative_log_likelihood,unnormalized_multiclass_brier,adaptive_ece_10,ncsAURC,mean_evidence_budget,mean_budget_ratio_to_registered,mean_posterior_l1_drift
qwen3vl_8b+qwen3vl_32b;internvl3_2b+internvl3_8b;llava_onevision_0_5b+llava_onevision_7b;smolvlm2_0_5b+smolvlm2_2_2b,True,0.8661347517730497,0.5958567109002637,0.4036537894458374,0.30617627198594144,0.16495748413533468,6.989373507551166,1.0,0.0
qwen3vl_8b+qwen3vl_32b;internvl3_2b+internvl3_8b;llava_onevision_0_5b+smolvlm2_0_5b;llava_onevision_7b+smolvlm2_2_2b,False,0.8661347517730497,0.5949773666491657,0.40280309030748357,0.3056043007570494,0.16492428940957343,6.914178754042719,0.9890737016840169,0.0011439424577840342
qwen3vl_8b+qwen3vl_32b;internvl3_2b+internvl3_8b;llava_onevision_0_5b+smolvlm2_2_2b;llava_onevision_7b+smolvlm2_0_5b,False,0.8661347517730497,0.5950055905470985,0.40283052923723894,0.3056234474408245,0.164939486467137,6.917440830757398,0.9895341537455252,0.0011822358253341146
qwen3vl_8b+qwen3vl_32b;internvl3_2b+llava_onevision_0_5b;internvl3_8b+llava_onevision_7b;smolvlm2_0_5b+smolvlm2_2_2b,False,0.8661347517730497,0.5948036618088336,0.40264364128139407,0.30551315728589357,0.16506576242549628,6.908790735875361,0.988066437607765,0.0013291846958905795
qwen3vl_8b+qwen3vl_32b;internvl3_2b+llava_onevision_0_5b;internvl3_8b+smolvlm2_0_5b;llava_onevision_7b+smolvlm2_2_2b,False,0.8661347517730497,0.5927997084233707,0.40072093334111425,0.3042034271572327,0.1649759000025667,6.738938689094731,0.9629518490752796,0.003948644953212373
qwen3vl_8b+qwen3vl_32b;internvl3_2b+llava_onevision_0_5b;internvl3_8b+smolvlm2_2_2b;llava_onevision_7b+smolvlm2_0_5b,False,0.8661347517730497,0.5934068691302768,0.4013106139431965,0.3045840800054836,0.16505302156136872,6.786476255313409,0.9697777395256555,0.0047099506497142495
qwen3vl_8b+qwen3vl_32b;internvl3_2b+llava_onevision_7b;internvl3_8b+llava_onevision_0_5b;smolvlm2_0_5b+smolvlm2_2_2b,False,0.8661347517730497,0.5958871282292678,0.4036959304363272,0.3063302012839781,0.16455307585718545,7.033537411463819,1.0062179215609186,0.002963272692059633
qwen3vl_8b+qwen3vl_32b;internvl3_2b+llava_onevision_7b;internvl3_8b+smolvlm2_0_5b;llava_onevision_0_5b+smolvlm2_2_2b,False,0.8661347517730497,0.5955253267111993,0.40334745532100136,0.30608274828805304,0.16462477229093372,6.998284111670161,1.0010497119512851,0.0032503645459159474
qwen3vl_8b+qwen3vl_32b;internvl3_2b+llava_onevision_7b;internvl3_8b+smolvlm2_2_2b;llava_onevision_0_5b+smolvlm2_0_5b,False,0.8661347517730497,0.5960825120072177,0.4038892578424521,0.30642880659263383,0.16454098911206078,7.04255960117416,1.0074151503401525,0.0039814364252854575
qwen3vl_8b+qwen3vl_32b;internvl3_2b+smolvlm2_0_5b;internvl3_8b+llava_onevision_0_5b;llava_onevision_7b+smolvlm2_2_2b,False,0.8661347517730497,0.5922914769390849,0.4002288670388183,0.3038866420071543,0.1651872817521013,6.702150032110573,0.95763951179549,0.0045990998192945035
qwen3vl_8b+qwen3vl_32b;internvl3_2b+smolvlm2_0_5b;internvl3_8b+llava_onevision_7b;llava_onevision_0_5b+smolvlm2_2_2b,False,0.8661347517730497,0.5939315967182793,0.40180119676837167,0.30494628090799397,0.165094420604471,6.836748779097545,0.9775858907183419,0.002499805217009806
qwen3vl_8b+qwen3vl_32b;internvl3_2b+smolvlm2_0_5b;internvl3_8b+smolvlm2_2_2b;llava_onevision_0_5b+llava_onevision_7b,False,0.8661347517730497,0.5934054059591861,0.4013091890566879,0.30458323348950217,0.16505302156136872,6.7863669753293605,0.9697630388907071,0.0047087596491090546
qwen3vl_8b+qwen3vl_32b;internvl3_2b+smolvlm2_2_2b;internvl3_8b+llava_onevision_0_5b;llava_onevision_7b+smolvlm2_0_5b,False,0.8661347517730497,0.5922914769390849,0.4002288670388183,0.3038866420071543,0.1651872817521013,6.702150032110573,0.95763951179549,0.0045990998192945035
qwen3vl_8b+qwen3vl_32b;internvl3_2b+smolvlm2_2_2b;internvl3_8b+llava_onevision_7b;llava_onevision_0_5b+smolvlm2_0_5b,False,0.8661347517730497,0.5939025665588615,0.4017730139884169,0.3049265863251633,0.16508399684599614,6.833486702382867,0.9771254386568335,0.0024993713215562883
qwen3vl_8b+qwen3vl_32b;internvl3_2b+smolvlm2_2_2b;internvl3_8b+smolvlm2_0_5b;llava_onevision_0_5b+llava_onevision_7b,False,0.8661347517730497,0.5927982171150544,0.4007194821116909,0.3042025628254445,0.1649759000025667,6.738829409110681,0.9629371484403315,0.003947418320993813
qwen3vl_8b+internvl3_2b;qwen3vl_32b+internvl3_8b;llava_onevision_0_5b+llava_onevision_7b;smolvlm2_0_5b+smolvlm2_2_2b,False,0.8661347517730497,0.5864644286842252,0.3945029186675986,0.2991479936439227,0.16440532815098755,5.885258387699907,0.8495554684549673,0.014511930966864508
qwen3vl_8b+internvl3_2b;qwen3vl_32b+internvl3_8b;llava_onevision_0_5b+smolvlm2_0_5b;llava_onevision_7b+smolvlm2_2_2b,False,0.8661347517730497,0.5854161579968522,0.39349393531934296,0.29844168930441967,0.16439324548037795,5.8100636341914615,0.8386291701389841,0.0157413879012459
qwen3vl_8b+internvl3_2b;qwen3vl_32b+internvl3_8b;llava_onevision_0_5b+smolvlm2_2_2b;llava_onevision_7b+smolvlm2_0_5b,False,0.8661347517730497,0.5854505867095114,0.39352739090057476,0.29846584667882625,0.1644435518369785,5.81332571090614,0.8390896222004925,0.01572306510527496
qwen3vl_8b+internvl3_2b;qwen3vl_32b+llava_onevision_0_5b;internvl3_8b+llava_onevision_7b;smolvlm2_0_5b+smolvlm2_2_2b,False,0.8661347517730497,0.5821814687513093,0.3904512986450182,0.2965374349377953,0.16456784376319564,5.746579138499393,0.8290999695156953,0.019350064644490333
qwen3vl_8b+internvl3_2b;qwen3vl_32b+llava_onevision_0_5b;internvl3_8b+smolvlm2_0_5b;llava_onevision_7b+smolvlm2_2_2b,False,0.8661347517730497,0.5800752030876207,0.3884286714223177,0.2951196007612905,0.16454579980065603,5.576727091718762,0.8039853809832102,0.022143512123975185
qwen3vl_8b+internvl3_2b;qwen3vl_32b+llava_onevision_0_5b;internvl3_8b+smolvlm2_2_2b;llava_onevision_7b+smolvlm2_0_5b,False,0.8661347517730497,0.5809677693895757,0.38928122278405125,0.2956975143127361,0.16452356610235588,5.624264657937441,0.8108112714335859,0.021281165510496747
qwen3vl_8b+internvl3_2b;qwen3vl_32b+llava_onevision_7b;internvl3_8b+llava_onevision_0_5b;smolvlm2_0_5b+smolvlm2_2_2b,False,0.8661347517730497,0.58226100458273,0.3905200848719052,0.2965034790988752,0.16435106216531126,5.704648708718583,0.8241628485584005,0.020438414031967615
qwen3vl_8b+internvl3_2b;qwen3vl_32b+llava_onevision_7b;internvl3_8b+smolvlm2_0_5b;llava_onevision_0_5b+smolvlm2_2_2b,False,0.8661347517730497,0.5818665286125796,0.3901400328981406,0.29621618718058906,0.16441355070167518,5.669395408924924,0.8189946389487669,0.02094261532875216
qwen3vl_8b+internvl3_2b;qwen3vl_32b+llava_onevision_7b;internvl3_8b+smolvlm2_2_2b;llava_onevision_0_5b+smolvlm2_0_5b,False,0.8661347517730497,0.5827155357648723,0.3909506416830534,0.2967639380541825,0.1644078732159467,5.713670898428924,0.8253600773376343,0.02012646387364339
qwen3vl_8b+internvl3_2b;qwen3vl_32b+smolvlm2_0_5b;internvl3_8b+llava_onevision_0_5b;llava_onevision_7b+smolvlm2_2_2b,False,0.8661347517730497,0.5800513611957271,0.388407162417376,0.29515404809077145,0.16451374284607836,5.588741786245385,0.8053700620152077,0.022080348514171084
qwen3vl_8b+internvl3_2b;qwen3vl_32b+smolvlm2_0_5b;internvl3_8b+llava_onevision_7b;llava_onevision_0_5b+smolvlm2_2_2b,False,0.8661347517730497,0.5817619924792958,0.3900486772889074,0.2962837551591733,0.16456145996075577,5.723340533232356,0.8253164409380592,0.01986491520496081
qwen3vl_8b+internvl3_2b;qwen3vl_32b+smolvlm2_0_5b;internvl3_8b+smolvlm2_2_2b;llava_onevision_0_5b+llava_onevision_7b,False,0.8661347517730497,0.5816484679444578,0.3899308213481805,0.2961846790950684,0.16446814736885315,5.672958729464171,0.8174935891104247,0.02031232790820994
qwen3vl_8b+internvl3_2b;qwen3vl_32b+smolvlm2_2_2b;internvl3_8b+llava_onevision_0_5b;llava_onevision_7b+smolvlm2_0_5b,False,0.8661347517730497,0.581231469452694,0.38954577978291305,0.2960271785042339,0.16458493806541602,5.701650719630005,0.8209007918800614,0.020352604830185902
qwen3vl_8b+internvl3_2b;qwen3vl_32b+smolvlm2_2_2b;internvl3_8b+llava_onevision_7b;llava_onevision_0_5b+smolvlm2_0_5b,False,0.8661347517730497,0.5828943052998233,0.39114083648356124,0.2971209190393966,0.1647076400512467,5.832987389902298,0.8403867187414048,0.01820884051439009
qwen3vl_8b+internvl3_2b;qwen3vl_32b+smolvlm2_2_2b;internvl3_8b+smolvlm2_0_5b;llava_onevision_0_5b+llava_onevision_7b,False,0.8661347517730497,0.5819349210709536,0.390215847110996,0.2964788385854308,0.1645558192491144,5.738330096630113,0.8261984285249027,0.019448747924538375
qwen3vl_8b+internvl3_8b;qwen3vl_32b+internvl3_2b;llava_onevision_0_5b+llava_onevision_7b;smolvlm2_0_5b+smolvlm2_2_2b,False,0.8661347517730497,0.5877986003241127,0.3958016469700396,0.2999549365642812,0.16438929252757578,5.985615856505466,0.8662470360116304,0.016125816807581492
qwen3vl_8b+internvl3_8b;qwen3vl_32b+internvl3_2b;llava_onevision_0_5b+smolvlm2_0_5b;llava_onevision_7b+smolvlm2_2_2b,False,0.8661347517730497,0.5867740628331495,0.39481527986181,0.2992637900851234,0.16445742073792613,5.910421102997021,0.8553207376956473,0.016944211295790393
qwen3vl_8b+internvl3_8b;qwen3vl_32b+internvl3_2b;llava_onevision_0_5b+smolvlm2_2_2b;llava_onevision_7b+smolvlm2_0_5b,False,0.8661347517730497,0.5868079144830488,0.39484820330752357,0.29928757537602557,0.1645020983654937,5.913683179711699,0.8557811897571556,0.016925144332810622
qwen3vl_8b+internvl3_8b;qwen3vl_32b+llava_onevision_0_5b;internvl3_2b+llava_onevision_7b;smolvlm2_0_5b+smolvlm2_2_2b,False,0.8661347517730497,0.5871906947740675,0.39523550996175616,0.29991732240115937,0.16404948036128103,6.049561503680921,0.87265420931736,0.014039430090788991
qwen3vl_8b+internvl3_8b;qwen3vl_32b+llava_onevision_0_5b;internvl3_2b+smolvlm2_0_5b;llava_onevision_7b+smolvlm2_2_2b,False,0.8661347517730497,0.5831316471964697,0.3913342492418416,0.2970433155534734,0.1645018387288206,5.718174124327674,0.8240757995519318,0.018687824348573155
qwen3vl_8b+internvl3_8b;qwen3vl_32b+llava_onevision_0_5b;internvl3_2b+smolvlm2_2_2b;llava_onevision_7b+smolvlm2_0_5b,False,0.8661347517730497,0.5831316471964698,0.3913342492418416,0.2970433155534734,0.1645018387288206,5.718174124327674,0.8240757995519318,0.018687824348573155
qwen3vl_8b+internvl3_8b;qwen3vl_32b+llava_onevision_7b;internvl3_2b+llava_onevision_0_5b;smolvlm2_0_5b+smolvlm2_2_2b,False,0.8661347517730497,0.5859575865977511,0.3940376433175802,0.29883719805488346,0.16427918746834957,5.882884398311651,0.8495656044069116,0.016125092898964202
qwen3vl_8b+internvl3_8b;qwen3vl_32b+llava_onevision_7b;internvl3_2b+smolvlm2_0_5b;llava_onevision_0_5b+smolvlm2_2_2b,False,0.8661347517730497,0.5849302043736581,0.3930505259194291,0.2981458245286794,0.1643982227297032,5.810842441533836,0.8390850575174886,0.01723849966215701
qwen3vl_8b+internvl3_8b;qwen3vl_32b+llava_onevision_7b;internvl3_2b+smolvlm2_2_2b;llava_onevision_0_5b+smolvlm2_0_5b,False,0.8661347517730497,0.5848951725601333,0.3930165374736611,0.29812125651103305,0.16434791637310264,5.807580364819156,0.8386246054559802,0.017278186636135055
qwen3vl_8b+internvl3_8b;qwen3vl_32b+smolvlm2_0_5b;internvl3_2b+llava_onevision_0_5b;llava_onevision_7b+smolvlm2_2_2b,False,0.8661347517730497,0.5837503490046617,0.39192928900364765,0.297487767749665,0.16440472745658483,5.766977475838455,0.8307728178637188,0.01779750442949598
qwen3vl_8b+internvl3_8b;qwen3vl_32b+smolvlm2_0_5b;internvl3_2b+llava_onevision_7b;llava_onevision_0_5b+smolvlm2_2_2b,False,0.8661347517730497,0.5867823853025905,0.3948437907324393,0.2996706188431533,0.16402084726141758,6.026322898413884,0.8688706807397242,0.014259223467257725
qwen3vl_8b+internvl3_8b;qwen3vl_32b+smolvlm2_0_5b;internvl3_2b+smolvlm2_2_2b;llava_onevision_0_5b+llava_onevision_7b,False,0.8661347517730497,0.5837482673392749,0.3919272823850075,0.2974865340631876,0.16440472745658483,5.766868195854405,0.8307581172287706,0.017799971802450684
qwen3vl_8b+internvl3_8b;qwen3vl_32b+smolvlm2_2_2b;internvl3_2b+llava_onevision_0_5b;llava_onevision_7b+smolvlm2_0_5b,False,0.8661347517730497,0.5848202710085532,0.3929689583569043,0.2982841331972255,0.16462896372918048,5.879886409223074,0.8463035477285727,0.01622676159510487
qwen3vl_8b+internvl3_8b;qwen3vl_32b+smolvlm2_2_2b;internvl3_2b+llava_onevision_7b;llava_onevision_0_5b+smolvlm2_0_5b,False,0.8661347517730497,0.587779267942392,0.3958135219671553,0.3004051971766588,0.1642436160538382,6.135969755083826,0.8839409585430695,0.012823017621574506
qwen3vl_8b+internvl3_8b;qwen3vl_32b+smolvlm2_2_2b;internvl3_2b+smolvlm2_0_5b;llava_onevision_0_5b+llava_onevision_7b,False,0.8661347517730497,0.5848182544511378,0.3929670124698374,0.29828294077733225,0.16462896372918048,5.8797771292390255,0.8462888470936244,0.01622914643489146
qwen3vl_8b+llava_onevision_0_5b;qwen3vl_32b+internvl3_2b;internvl3_8b+llava_onevision_7b;smolvlm2_0_5b+smolvlm2_2_2b,False,0.8661347517730497,0.5851945280730748,0.39335501183850485,0.29835489827387274,0.1644149939591171,5.924239249547432,0.85826640265801,0.02101916176351601
qwen3vl_8b+llava_onevision_0_5b;qwen3vl_32b+internvl3_2b;internvl3_8b+smolvlm2_0_5b;llava_onevision_7b+smolvlm2_2_2b,False,0.8661347517730497,0.5833544157144437,0.3915746195929902,0.29711260132052986,0.16444841322497433,5.7543872027668,0.8331518141255247,0.02089076003529686
qwen3vl_8b+llava_onevision_0_5b;qwen3vl_32b+internvl3_2b;internvl3_8b+smolvlm2_2_2b;llava_onevision_7b+smolvlm2_0_5b,False,0.8661347517730497,0.5842331061824593,0.3924139923987996,0.29768162829841194,0.1644583402817428,5.8019247689854785,0.8399777045759006,0.0200106402746913
qwen3vl_8b+llava_onevision_0_5b;qwen3vl_32b+internvl3_8b;internvl3_2b+llava_onevision_7b;smolvlm2_0_5b+smolvlm2_2_2b,False,0.8661347517730497,0.5888786561037451,0.39684839288995616,0.3009340308065555,0.16406183395048346,6.1268641459234,0.8851290749030118,0.014124023931996832
qwen3vl_8b+llava_onevision_0_5b;qwen3vl_32b+internvl3_8b;internvl3_2b+smolvlm2_0_5b;llava_onevision_7b+smolvlm2_2_2b,False,0.8661347517730497,0.5850298354897859,0.39313670446602117,0.2981996295696977,0.1644435518369785,5.795476766570153,0.8365506651375834,0.01621461992776024
qwen3vl_8b+llava_onevision_0_5b;qwen3vl_32b+internvl3_8b;internvl3_2b+smolvlm2_2_2b;llava_onevision_7b+smolvlm2_0_5b,False,0.8661347517730497,0.5850298354897859,0.39313670446602117,0.2981996295696977,0.1644435518369785,5.795476766570153,0.8365506651375834,0.01621461992776024
qwen3vl_8b+llava_onevision_0_5b;qwen3vl_32b+llava_onevision_7b;internvl3_2b+internvl3_8b;smolvlm2_0_5b+smolvlm2_2_2b,False,0.8661347517730497,0.5844627384555385,0.39265454723882104,0.29794506683398253,0.16447132912242876,5.90209056302942,0.8535185334455264,0.019799065543162575
qwen3vl_8b+llava_onevision_0_5b;qwen3vl_32b+llava_onevision_7b;internvl3_2b+smolvlm2_0_5b;internvl3_8b+smolvlm2_2_2b,False,0.8661347517730497,0.5823460706257231,0.3906082682591134,0.2965334524219816,0.16441356630079862,5.699084030807614,0.8232815723362336,0.020334695872423304
qwen3vl_8b+llava_onevision_0_5b;qwen3vl_32b+llava_onevision_7b;internvl3_2b+smolvlm2_2_2b;internvl3_8b+smolvlm2_0_5b,False,0.8661347517730497,0.5814581407282088,0.38976028251186234,0.2959584184103085,0.16441355070167518,5.651546464588937,0.8164556818858578,0.021233136151571654
qwen3vl_8b+llava_onevision_0_5b;qwen3vl_32b+smolvlm2_0_5b;internvl3_2b+internvl3_8b;llava_onevision_7b+smolvlm2_2_2b,False,0.8661347517730497,0.5824544077464886,0.39072558210199987,0.29672774453701556,0.16449473657937885,5.786183640556223,0.8347257469023335,0.018923302991334552
qwen3vl_8b+llava_onevision_0_5b;qwen3vl_32b+smolvlm2_0_5b;internvl3_2b+llava_onevision_7b;internvl3_8b+smolvlm2_2_2b,False,0.8661347517730497,0.5843369606827752,0.39252480339097445,0.29815417556016854,0.1640630884583807,5.914564487687664,0.8530671955584692,0.017130613088375754
qwen3vl_8b+llava_onevision_0_5b;qwen3vl_32b+smolvlm2_0_5b;internvl3_2b+smolvlm2_2_2b;internvl3_8b+llava_onevision_7b,False,0.8661347517730497,0.5813376026356796,0.3896554668904237,0.29601461174997235,0.16456145996075577,5.70549158889637,0.8227774838751502,0.020330360384273022
qwen3vl_8b+llava_onevision_0_5b;qwen3vl_32b+smolvlm2_2_2b;internvl3_2b+internvl3_8b;llava_onevision_7b+smolvlm2_0_5b,False,0.8661347517730497,0.583614715641649,0.39184479356338986,0.2975834873888895,0.16452961042331635,5.899092573940842,0.8502564767671874,0.017252619926942093
qwen3vl_8b+llava_onevision_0_5b;qwen3vl_32b+smolvlm2_2_2b;internvl3_2b+llava_onevision_7b;internvl3_8b+smolvlm2_0_5b,False,0.8661347517730497,0.5846105430162699,0.3927973186068436,0.2984296976538024,0.16421454705971425,5.979935854853605,0.8617720349729473,0.01635429415370078
qwen3vl_8b+llava_onevision_0_5b;qwen3vl_32b+smolvlm2_2_2b;internvl3_2b+smolvlm2_0_5b;internvl3_8b+llava_onevision_7b,False,0.8661347517730497,0.5825050831844477,0.3907816958027208,0.29687628427627916,0.1647076400512467,5.81840052228099,0.8383082137400041,0.01862512087358752
qwen3vl_8b+llava_onevision_7b;qwen3vl_32b+internvl3_2b;internvl3_8b+llava_onevision_0_5b;smolvlm2_0_5b+smolvlm2_2_2b,False,0.8661347517730497,0.5839479846921904,0.39214182181045304,0.297523551957764,0.16434115070766622,5.8001109138332385,0.8398163371867857,0.020623230316656763
qwen3vl_8b+llava_onevision_7b;qwen3vl_32b+internvl3_2b;internvl3_8b+smolvlm2_0_5b;llava_onevision_0_5b+smolvlm2_2_2b,False,0.8661347517730497,0.5835789825892247,0.3917849905902093,0.29725307726077194,0.16444841322497433,5.764857614039579,0.8346481275771521,0.020847838025997715
qwen3vl_8b+llava_onevision_7b;qwen3vl_32b+internvl3_2b;internvl3_8b+smolvlm2_2_2b;llava_onevision_0_5b+smolvlm2_0_5b,False,0.8661347517730497,0.584421354054137,0.3925892659034015,0.29779660734598196,0.16442401409702745,5.809133103543579,0.8410135659660197,0.02000438448068369
qwen3vl_8b+llava_onevision_7b;qwen3vl_32b+internvl3_8b;internvl3_2b+llava_onevision_0_5b;smolvlm2_0_5b+smolvlm2_2_2b,False,0.8661347517730497,0.5862952046847135,0.3943458806625056,0.2990409491384782,0.16440532815098755,5.877989134620749,0.8485275254786339,0.01469427221660991
qwen3vl_8b+llava_onevision_7b;qwen3vl_32b+internvl3_8b;internvl3_2b+smolvlm2_0_5b;llava_onevision_0_5b+smolvlm2_2_2b,False,0.8661347517730497,0.5852769224242081,0.3933663553616881,0.2983558953324571,0.1644435518369785,5.805947177842932,0.8380469785892107,0.015910811433738098
qwen3vl_8b+llava_onevision_7b;qwen3vl_32b+internvl3_8b;internvl3_2b+smolvlm2_2_2b;llava_onevision_0_5b+smolvlm2_0_5b,False,0.8661347517730497,0.5852422797749511,0.3933327154285353,0.2983315893531878,0.16439324548037795,5.802685101128254,0.8375865265277024,0.015933695242196625
qwen3vl_8b+llava_onevision_7b;qwen3vl_32b+llava_onevision_0_5b;internvl3_2b+internvl3_8b;smolvlm2_0_5b+smolvlm2_2_2b,False,0.8661347517730497,0.5831019046238118,0.39134044386143635,0.29712516635201214,0.16445331018579498,5.819892657096038,0.8400055889315969,0.01815926457922171
qwen3vl_8b+llava_onevision_7b;qwen3vl_32b+llava_onevision_0_5b;internvl3_2b+smolvlm2_0_5b;internvl3_8b+smolvlm2_2_2b,False,0.8661347517730497,0.5807911079533257,0.3891180093200605,0.295585211596705,0.16452356610235588,5.616886124874234,0.8097686278223042,0.021456173972879574
qwen3vl_8b+llava_onevision_7b;qwen3vl_32b+llava_onevision_0_5b;internvl3_2b+smolvlm2_2_2b;internvl3_8b+smolvlm2_0_5b,False,0.8661347517730497,0.5798969881332585,0.3882641284012707,0.2950062074572728,0.16454579980065603,5.569348558655554,0.8029427373719283,0.02234667399650977
qwen3vl_8b+llava_onevision_7b;qwen3vl_32b+smolvlm2_0_5b;internvl3_2b+internvl3_8b;llava_onevision_0_5b+smolvlm2_2_2b,False,0.8661347517730497,0.5826980287678524,0.39095209723572527,0.2968816771215271,0.16449473657937885,5.796654051829002,0.836222060353961,0.018674669225998933
qwen3vl_8b+llava_onevision_7b;qwen3vl_32b+smolvlm2_0_5b;internvl3_2b+llava_onevision_0_5b;internvl3_8b+smolvlm2_2_2b,False,0.8661347517730497,0.5814741545766346,0.38976985248955526,0.29607378945302565,0.16446814736885315,5.665689476385012,0.8164656461340912,0.02048167379363293
qwen3vl_8b+llava_onevision_7b;qwen3vl_32b+smolvlm2_0_5b;internvl3_2b+smolvlm2_2_2b;internvl3_8b+llava_onevision_0_5b,False,0.8661347517730497,0.5798715409236669,0.38824126186095415,0.29503951656824595,0.16451374284607836,5.581363253182177,0.804327418403926,0.022282924040904335
qwen3vl_8b+llava_onevision_7b;qwen3vl_32b+smolvlm2_2_2b;internvl3_2b+internvl3_8b;llava_onevision_0_5b+smolvlm2_0_5b,False,0.8661347517730497,0.5838244262864607,0.3920384174986891,0.29771374198477,0.16453650331505923,5.9063009084989435,0.8512923381573065,0.017016030245939992
qwen3vl_8b+llava_onevision_7b;qwen3vl_32b+smolvlm2_2_2b;internvl3_2b+llava_onevision_0_5b;internvl3_8b+smolvlm2_0_5b,False,0.8661347517730497,0.5817596425710218,0.39005409322595647,0.2963672372329996,0.1645558192491144,5.731060843550954,0.8251704855485692,0.01964182091795757
qwen3vl_8b+llava_onevision_7b;qwen3vl_32b+smolvlm2_2_2b;internvl3_2b+smolvlm2_0_5b;internvl3_8b+llava_onevision_0_5b,False,0.8661347517730497,0.5810522581051203,0.3893804436884221,0.2959130379719552,0.16458493806541602,5.6942721865667965,0.8198581482687797,0.020550729829466156
qwen3vl_8b+smolvlm2_0_5b;qwen3vl_32b+internvl3_2b;internvl3_8b+llava_onevision_0_5b;llava_onevision_7b+smolvlm2_2_2b,False,0.8661347517730497,0.5836695994813782,0.3918808853487116,0.2973493466633067,0.16434115070766622,5.78705632491899,0.8379462849525576,0.020675727658761956
qwen3vl_8b+smolvlm2_0_5b;qwen3vl_32b+internvl3_2b;internvl3_8b+llava_onevision_7b;llava_onevision_0_5b+smolvlm2_2_2b,False,0.8661347517730497,0.5851405624365462,0.3933043197176823,0.2983210854548922,0.1644149939591171,5.921655071905963,0.8578926638754092,0.021033190930263988
qwen3vl_8b+smolvlm2_0_5b;qwen3vl_32b+internvl3_2b;internvl3_8b+smolvlm2_2_2b;llava_onevision_0_5b+llava_onevision_7b,False,0.8661347517730497,0.5852357531258915,0.3933750720190593,0.29836025725733045,0.16445271243984413,5.871273268137776,0.8500698120477745,0.019137400469963043
qwen3vl_8b+smolvlm2_0_5b;qwen3vl_32b+internvl3_8b;internvl3_2b+llava_onevision_0_5b;llava_onevision_7b+smolvlm2_2_2b,False,0.8661347517730497,0.5859904288497759,0.3940623110807618,0.2988482685632046,0.16440532815098755,5.8649345457065,0.8466574732444058,0.015070916669181658
qwen3vl_8b+smolvlm2_0_5b;qwen3vl_32b+internvl3_8b;internvl3_2b+llava_onevision_7b;llava_onevision_0_5b+smolvlm2_2_2b,False,0.8661347517730497,0.5888215067306579,0.3967949566849391,0.3008979984482557,0.16406183395048346,6.124279968281931,0.884755336120411,0.014168360855679471
qwen3vl_8b+smolvlm2_0_5b;qwen3vl_32b+internvl3_8b;internvl3_2b+smolvlm2_2_2b;llava_onevision_0_5b+llava_onevision_7b,False,0.8661347517730497,0.5859883471843892,0.39406030446212165,0.2988470348767273,0.16440532815098755,5.864825265722451,0.8466427726094574,0.01507338404213637
qwen3vl_8b+smolvlm2_0_5b;qwen3vl_32b+llava_onevision_0_5b;internvl3_2b+internvl3_8b;llava_onevision_7b+smolvlm2_2_2b,False,0.8661347517730497,0.5828008121798506,0.39106020144149933,0.2969349895113532,0.16445331018579498,5.80683806818179,0.8381355366973688,0.018484687603203175
qwen3vl_8b+smolvlm2_0_5b;qwen3vl_32b+llava_onevision_0_5b;internvl3_2b+llava_onevision_7b;internvl3_8b+smolvlm2_2_2b,False,0.8661347517730497,0.5846895098188521,0.39286448901520715,0.29836565715335805,0.16402293228174292,5.93521891531323,0.8564769853535044,0.01696290553165156
qwen3vl_8b+smolvlm2_0_5b;qwen3vl_32b+llava_onevision_0_5b;internvl3_2b+smolvlm2_2_2b;internvl3_8b+llava_onevision_7b,False,0.8661347517730497,0.581701111709385,0.3900056308580784,0.29623311339007025,0.16456784376319564,5.7261460165219376,0.8261872736701855,0.019888068434350793
qwen3vl_8b+smolvlm2_0_5b;qwen3vl_32b+llava_onevision_7b;internvl3_2b+internvl3_8b;llava_onevision_0_5b+smolvlm2_2_2b,False,0.8661347517730497,0.5844057785802088,0.3926012765442729,0.29790916801167977,0.16447102395037277,5.8995063853879515,0.8531447946629257,0.01984588158284665
qwen3vl_8b+smolvlm2_0_5b;qwen3vl_32b+llava_onevision_7b;internvl3_2b+llava_onevision_0_5b;internvl3_8b+smolvlm2_2_2b,False,0.8661347517730497,0.5833820102841023,0.39160013025546087,0.29723369392097826,0.16434260738061787,5.7685418099439625,0.8333883804430559,0.01918999041092085
qwen3vl_8b+smolvlm2_0_5b;qwen3vl_32b+llava_onevision_7b;internvl3_2b+smolvlm2_2_2b;internvl3_8b+llava_onevision_0_5b,False,0.8661347517730497,0.581795706613226,0.39008710566800997,0.29620982556663566,0.16435106216531126,5.684215586741127,0.8212501527128905,0.020766658476459483
qwen3vl_8b+smolvlm2_0_5b;qwen3vl_32b+smolvlm2_2_2b;internvl3_2b+internvl3_8b;llava_onevision_0_5b+llava_onevision_7b,False,0.8661347517730497,0.5846295479939057,0.39281714327833606,0.2982645352150233,0.16450404584412565,5.968441073093141,0.8603485842390614,0.01586460469850281
qwen3vl_8b+smolvlm2_0_5b;qwen3vl_32b+smolvlm2_2_2b;internvl3_2b+llava_onevision_0_5b;internvl3_8b+llava_onevision_7b,False,0.8661347517730497,0.5835412865640699,0.39177371030093716,0.2975718740799063,0.16468746292804107,5.887858301417338,0.8484150218468264,0.017228770649764
qwen3vl_8b+smolvlm2_0_5b;qwen3vl_32b+smolvlm2_2_2b;internvl3_2b+llava_onevision_7b;internvl3_8b+llava_onevision_0_5b,False,0.8661347517730497,0.5849377967672105,0.39311420311859635,0.29866779591734693,0.1641569675983678,6.012604977005795,0.86656650579998,0.0159215436663212
qwen3vl_8b+smolvlm2_2_2b;qwen3vl_32b+internvl3_2b;internvl3_8b+llava_onevision_0_5b;llava_onevision_7b+smolvlm2_0_5b,False,0.8661347517730497,0.5853407344024822,0.3934954176057457,0.29851382492515455,0.16451925242019236,5.932851751524154,0.8587641047077132,0.019402564323204686
qwen3vl_8b+smolvlm2_2_2b;qwen3vl_32b+internvl3_2b;internvl3_8b+llava_onevision_7b;llava_onevision_0_5b+smolvlm2_0_5b,False,0.8661347517730497,0.5867370453785221,0.3948474131695506,0.29943243453956936,0.1645340075139138,6.064188421796448,0.8782500315690565,0.019856271787109973
qwen3vl_8b+smolvlm2_2_2b;qwen3vl_32b+internvl3_2b;internvl3_8b+smolvlm2_0_5b;llava_onevision_0_5b+llava_onevision_7b,False,0.8661347517730497,0.5860268729861445,0.3941489639277144,0.2989544998327999,0.1645113049048433,5.969531128524263,0.8640617413525544,0.018746368164548385
qwen3vl_8b+smolvlm2_2_2b;qwen3vl_32b+internvl3_8b;internvl3_2b+llava_onevision_0_5b;llava_onevision_7b+smolvlm2_0_5b,False,0.8661347517730497,0.5875790406460228,0.39560401949495,0.29995394388063323,0.16465148841270108,6.0107299723116645,0.8674752929995614,0.013991175082569137
qwen3vl_8b+smolvlm2_2_2b;qwen3vl_32b+internvl3_8b;internvl3_2b+llava_onevision_7b;llava_onevision_0_5b+smolvlm2_0_5b,False,0.8661347517730497,0.5902999003324882,0.39823200421277855,0.30191792396497935,0.16417020897303058,6.266813318172416,0.9051127038140583,0.013236377361609758
qwen3vl_8b+smolvlm2_2_2b;qwen3vl_32b+internvl3_8b;internvl3_2b+smolvlm2_0_5b;llava_onevision_0_5b+llava_onevision_7b,False,0.8661347517730497,0.5875770240886076,0.395602073607883,0.2999527514607399,0.16465148841270108,6.010620692327616,0.867460592364613,0.013993559922355724
qwen3vl_8b+smolvlm2_2_2b;qwen3vl_32b+llava_onevision_0_5b;internvl3_2b+internvl3_8b;llava_onevision_7b+smolvlm2_0_5b,False,0.8661347517730497,0.584478941807705,0.39268044013658576,0.2980998194565153,0.1645582435231798,5.952633494786954,0.8589533564525245,0.01742588454121214
qwen3vl_8b+smolvlm2_2_2b;qwen3vl_32b+llava_onevision_0_5b;internvl3_2b+llava_onevision_7b;internvl3_8b+smolvlm2_0_5b,False,0.8661347517730497,0.5854960507426334,0.39365150081591554,0.298960079278959,0.16415225693863245,6.033476775699717,0.8704689146582841,0.015985969638442555
qwen3vl_8b+smolvlm2_2_2b;qwen3vl_32b+llava_onevision_0_5b;internvl3_2b+smolvlm2_0_5b;internvl3_8b+llava_onevision_7b,False,0.8661347517730497,0.5834102086921578,0.391654633174537,0.2974193474714366,0.16473411554562578,5.871941443127101,0.8470050934253409,0.01799232543581258
qwen3vl_8b+smolvlm2_2_2b;qwen3vl_32b+llava_onevision_7b;internvl3_2b+internvl3_8b;llava_onevision_0_5b+smolvlm2_0_5b,False,0.8661347517730497,0.5860141640729304,0.3941552733716082,0.2990270721656074,0.16464736610248923,6.042039735278436,0.8735021623565729,0.01875262699998216
qwen3vl_8b+smolvlm2_2_2b;qwen3vl_32b+llava_onevision_7b;internvl3_2b+llava_onevision_0_5b;internvl3_8b+smolvlm2_0_5b,False,0.8661347517730497,0.5842086628834862,0.3924067137698762,0.29785119630891854,0.16445220324999696,5.8667996703304475,0.8473803097478357,0.018137665616191765
qwen3vl_8b+smolvlm2_2_2b;qwen3vl_32b+llava_onevision_7b;internvl3_2b+smolvlm2_0_5b;internvl3_8b+llava_onevision_0_5b,False,0.8661347517730497,0.583511659759929,0.3917429860193496,0.2974036007067498,0.16451925242019236,5.830011013346291,0.8420679724680461,0.018813893746458997
qwen3vl_8b+smolvlm2_2_2b;qwen3vl_32b+smolvlm2_0_5b;internvl3_2b+internvl3_8b;llava_onevision_0_5b+llava_onevision_7b,False,0.8661347517730497,0.5851473296118579,0.3933181311701767,0.29857360208105826,0.16450404584412565,6.001327566313686,0.8656356741293633,0.016482738430572824
qwen3vl_8b+smolvlm2_2_2b;qwen3vl_32b+smolvlm2_0_5b;internvl3_2b+llava_onevision_0_5b;internvl3_8b+llava_onevision_7b,False,0.8661347517730497,0.5840828557136416,0.3922964375493671,0.2978964124756204,0.16472919449368095,5.920744794637882,0.8537021117371282,0.017037483542603395
qwen3vl_8b+smolvlm2_2_2b;qwen3vl_32b+smolvlm2_0_5b;internvl3_2b+llava_onevision_7b;internvl3_8b+llava_onevision_0_5b,False,0.8661347517730497,0.5854709687038988,0.39362890383201926,0.2989868416624231,0.16407167310645557,6.045491470226339,0.8718535956902816,0.01571927125788477
