method,target,n,admitted,wrong,correct,coverage,wrong_all,correct_all,wrong_admitted
quality_weighted_fusion,0.01,31200,312,220,92,0.01,0.007051282051282051,0.002948717948717949,0.7051282051282052
quality_weighted_fusion,0.02,31200,626,291,335,0.020064102564102564,0.009326923076923076,0.010737179487179487,0.46485623003194887
quality_weighted_fusion,0.03,31200,936,310,626,0.03,0.009935897435897435,0.020064102564102564,0.3311965811965812
quality_weighted_fusion,0.04,31200,1246,323,923,0.039935897435897434,0.010352564102564103,0.029583333333333333,0.2592295345104334
quality_weighted_fusion,0.05,31200,1557,330,1227,0.04990384615384615,0.010576923076923078,0.03932692307692308,0.2119460500963391
quality_weighted_fusion,0.06,31200,1871,331,1540,0.05996794871794872,0.010608974358974359,0.04935897435897436,0.17691074291822556
quality_weighted_fusion,0.07,31200,2177,331,1846,0.06977564102564103,0.010608974358974359,0.059166666666666666,0.15204409738171795
quality_weighted_fusion,0.08,31200,2501,331,2170,0.08016025641025641,0.010608974358974359,0.06955128205128205,0.1323470611755298
quality_weighted_fusion,0.09,31200,2806,331,2475,0.08993589743589743,0.010608974358974359,0.07932692307692307,0.1179615110477548
quality_weighted_fusion,0.1,31200,3117,331,2786,0.09990384615384615,0.010608974358974359,0.08929487179487179,0.10619185113891562
quality_weighted_fusion,0.11,31200,3429,331,3098,0.10990384615384616,0.010608974358974359,0.0992948717948718,0.09652960046660834
quality_weighted_fusion,0.12,31200,3741,331,3410,0.11990384615384615,0.010608974358974359,0.1092948717948718,0.08847901630580059
quality_weighted_fusion,0.13,31200,4059,331,3728,0.13009615384615383,0.010608974358974359,0.11948717948717949,0.08154717910815472
quality_weighted_fusion,0.14,31200,4365,331,4034,0.13990384615384616,0.010608974358974359,0.12929487179487179,0.07583046964490263
quality_weighted_fusion,0.15,31200,4680,331,4349,0.15,0.010608974358974359,0.13939102564102565,0.07072649572649573
quality_weighted_fusion,0.16,31200,4992,331,4661,0.16,0.010608974358974359,0.14939102564102563,0.06630608974358974
quality_weighted_fusion,0.17,31200,5307,334,4973,0.17009615384615384,0.010705128205128206,0.15939102564102564,0.06293574524213304
quality_weighted_fusion,0.18,31200,5612,529,5083,0.17987179487179486,0.016955128205128206,0.16291666666666665,0.0942622950819672
quality_weighted_fusion,0.19,31200,5927,797,5130,0.18996794871794873,0.025544871794871794,0.16442307692307692,0.13446937742534165
quality_weighted_fusion,0.2,31200,6240,1094,5146,0.2,0.03506410256410256,0.16493589743589743,0.1753205128205128
quality_weighted_fusion,0.21,31200,6554,1402,5152,0.21006410256410257,0.04493589743589744,0.16512820512820514,0.21391516631065
quality_weighted_fusion,0.22,31200,6862,1706,5156,0.21993589743589745,0.05467948717948718,0.16525641025641025,0.24861556397551735
quality_weighted_fusion,0.23,31200,7177,2019,5158,0.2300320512820513,0.06471153846153846,0.16532051282051283,0.2813153128047931
quality_weighted_fusion,0.24,31200,7490,2332,5158,0.24006410256410257,0.07474358974358974,0.16532051282051283,0.31134846461949267
quality_weighted_fusion,0.25,31200,7798,2639,5159,0.24993589743589745,0.08458333333333333,0.1653525641025641,0.3384201077199282
quality_weighted_fusion,0.26,31200,8107,2944,5163,0.2598397435897436,0.09435897435897436,0.16548076923076924,0.3631429628715925
quality_weighted_fusion,0.27,31200,8420,3251,5169,0.26987179487179486,0.10419871794871795,0.16567307692307692,0.386104513064133
quality_weighted_fusion,0.28,31200,8736,3525,5211,0.28,0.11298076923076923,0.16701923076923078,0.40350274725274726
quality_weighted_fusion,0.29,31200,9052,3788,5264,0.29012820512820514,0.1214102564102564,0.1687179487179487,0.4184710561201944
quality_weighted_fusion,0.3,31200,9358,4015,5343,0.29993589743589744,0.12868589743589742,0.17125,0.42904466766403077
quality_weighted_fusion,0.31,31200,9669,4132,5537,0.30990384615384614,0.13243589743589743,0.17746794871794871,0.42734512359085736
quality_weighted_fusion,0.32,31200,9982,4137,5845,0.31993589743589745,0.13259615384615384,0.1873397435897436,0.41444600280504906
quality_weighted_fusion,0.33,31200,10301,4177,6124,0.3301602564102564,0.13387820512820514,0.19628205128205128,0.4054946121735754
quality_weighted_fusion,0.34,31200,10610,4255,6355,0.3400641025641026,0.13637820512820512,0.20368589743589743,0.4010367577756833
quality_weighted_fusion,0.35,31200,10921,4331,6590,0.3500320512820513,0.13881410256410256,0.21121794871794872,0.3965754051826756
quality_weighted_fusion,0.36,31200,11235,4427,6808,0.36009615384615384,0.14189102564102565,0.21820512820512822,0.3940364931019137
quality_weighted_fusion,0.37,31200,11548,4529,7019,0.3701282051282051,0.1451602564102564,0.22496794871794873,0.39218912365777625
quality_weighted_fusion,0.38,31200,11857,4654,7203,0.3800320512820513,0.14916666666666667,0.2308653846153846,0.3925107531416041
quality_weighted_fusion,0.39,31200,12170,4811,7359,0.39006410256410257,0.15419871794871795,0.23586538461538462,0.39531635168447
quality_weighted_fusion,0.4,31200,12483,4998,7485,0.4000961538461538,0.1601923076923077,0.23990384615384616,0.40038452295121363
quality_weighted_fusion,0.41,31200,12788,5205,7583,0.40987179487179487,0.16682692307692307,0.2430448717948718,0.4070222083203003
quality_weighted_fusion,0.42,31200,13100,5443,7657,0.4198717948717949,0.1744551282051282,0.24541666666666667,0.4154961832061069
quality_weighted_fusion,0.43,31200,13408,5688,7720,0.4297435897435897,0.1823076923076923,0.24743589743589745,0.42422434367541767
quality_weighted_fusion,0.44,31200,13727,5941,7786,0.4399679487179487,0.19041666666666668,0.24955128205128205,0.43279667807969696
quality_weighted_fusion,0.45,31200,14032,6181,7851,0.44974358974358974,0.19810897435897437,0.2516346153846154,0.44049315849486886
quality_weighted_fusion,0.46,31200,14346,6428,7918,0.4598076923076923,0.20602564102564103,0.2537820512820513,0.4480691481946187
quality_weighted_fusion,0.47,31200,14664,6686,7978,0.47,0.2142948717948718,0.2557051282051282,0.45594653573376975
quality_weighted_fusion,0.48,31200,14730,6739,7991,0.4721153846153846,0.21599358974358973,0.2561217948717949,0.4575016972165648
quality_weighted_fusion,0.49,31200,14730,6739,7991,0.4721153846153846,0.21599358974358973,0.2561217948717949,0.4575016972165648
quality_weighted_fusion,0.5,31200,14730,6739,7991,0.4721153846153846,0.21599358974358973,0.2561217948717949,0.4575016972165648
quality_weighted_fusion,0.51,31200,14730,6739,7991,0.4721153846153846,0.21599358974358973,0.2561217948717949,0.4575016972165648
quality_weighted_fusion,0.52,31200,14730,6739,7991,0.4721153846153846,0.21599358974358973,0.2561217948717949,0.4575016972165648
quality_weighted_fusion,0.53,31200,14730,6739,7991,0.4721153846153846,0.21599358974358973,0.2561217948717949,0.4575016972165648
quality_weighted_fusion,0.54,31200,14730,6739,7991,0.4721153846153846,0.21599358974358973,0.2561217948717949,0.4575016972165648
quality_weighted_fusion,0.55,31200,14730,6739,7991,0.4721153846153846,0.21599358974358973,0.2561217948717949,0.4575016972165648
quality_weighted_fusion,0.56,31200,14730,6739,7991,0.4721153846153846,0.21599358974358973,0.2561217948717949,0.4575016972165648
quality_weighted_fusion,0.57,31200,14730,6739,7991,0.4721153846153846,0.21599358974358973,0.2561217948717949,0.4575016972165648
quality_weighted_fusion,0.58,31200,14730,6739,7991,0.4721153846153846,0.21599358974358973,0.2561217948717949,0.4575016972165648
quality_weighted_fusion,0.59,31200,14730,6739,7991,0.4721153846153846,0.21599358974358973,0.2561217948717949,0.4575016972165648
quality_weighted_fusion,0.6,31200,14730,6739,7991,0.4721153846153846,0.21599358974358973,0.2561217948717949,0.4575016972165648
product_evidence_fusion,0.01,31200,312,6,306,0.01,0.0001923076923076923,0.009807692307692307,0.019230769230769232
product_evidence_fusion,0.02,31200,625,42,583,0.020032051282051284,0.001346153846153846,0.018685897435897436,0.0672
product_evidence_fusion,0.03,31200,937,70,867,0.030032051282051282,0.0022435897435897434,0.02778846153846154,0.07470651013874066
product_evidence_fusion,0.04,31200,1249,118,1131,0.040032051282051284,0.003782051282051282,0.03625,0.0944755804643715
product_evidence_fusion,0.05,31200,1557,155,1402,0.04990384615384615,0.004967948717948718,0.04493589743589744,0.09955041746949261
product_evidence_fusion,0.06,31200,1873,189,1684,0.06003205128205128,0.006057692307692307,0.053974358974358976,0.1009076348104645
product_evidence_fusion,0.07,31200,2185,213,1972,0.07003205128205128,0.006826923076923077,0.0632051282051282,0.09748283752860412
product_evidence_fusion,0.08,31200,2496,251,2245,0.08,0.008044871794871795,0.0719551282051282,0.10056089743589744
product_evidence_fusion,0.09,31200,2811,291,2520,0.09009615384615384,0.009326923076923076,0.08076923076923077,0.10352187833511206
product_evidence_fusion,0.1,31200,3122,315,2807,0.10006410256410256,0.010096153846153847,0.08996794871794872,0.10089686098654709
product_evidence_fusion,0.11,31200,3432,326,3106,0.11,0.01044871794871795,0.09955128205128205,0.09498834498834499
product_evidence_fusion,0.12,31200,3742,329,3413,0.11993589743589744,0.010544871794871794,0.10939102564102564,0.08792089791555319
product_evidence_fusion,0.13,31200,4058,330,3728,0.13006410256410256,0.010576923076923078,0.11948717948717949,0.08132084770823066
product_evidence_fusion,0.14,31200,4369,331,4038,0.1400320512820513,0.010608974358974359,0.12942307692307692,0.07576104371709773
product_evidence_fusion,0.15,31200,4675,331,4344,0.14983974358974358,0.010608974358974359,0.13923076923076924,0.07080213903743315
product_evidence_fusion,0.16,31200,4993,331,4662,0.16003205128205128,0.010608974358974359,0.14942307692307694,0.06629280993390747
product_evidence_fusion,0.17,31200,5302,333,4969,0.16993589743589743,0.010673076923076922,0.1592628205128205,0.06280648811769143
product_evidence_fusion,0.18,31200,5621,469,5152,0.1801602564102564,0.015032051282051283,0.16512820512820514,0.08343711083437111
product_evidence_fusion,0.19,31200,5927,696,5231,0.18996794871794873,0.022307692307692306,0.16766025641025642,0.1174287160452168
product_evidence_fusion,0.2,31200,6240,941,5299,0.2,0.03016025641025641,0.1698397435897436,0.15080128205128204
product_evidence_fusion,0.21,31200,6544,1197,5347,0.20974358974358975,0.038365384615384614,0.17137820512820512,0.1829156479217604
product_evidence_fusion,0.22,31200,6868,1480,5388,0.22012820512820513,0.047435897435897434,0.1726923076923077,0.21549213744903903
product_evidence_fusion,0.23,31200,7182,1750,5432,0.2301923076923077,0.05608974358974359,0.1741025641025641,0.24366471734892786
product_evidence_fusion,0.24,31200,7490,2030,5460,0.24006410256410257,0.06506410256410257,0.175,0.27102803738317754
product_evidence_fusion,0.25,31200,7796,2292,5504,0.24987179487179487,0.07346153846153847,0.1764102564102564,0.2939969214982042
product_evidence_fusion,0.26,31200,8111,2560,5551,0.2599679487179487,0.08205128205128205,0.17791666666666667,0.3156207619282456
product_evidence_fusion,0.27,31200,8423,2828,5595,0.2699679487179487,0.09064102564102564,0.17932692307692308,0.3357473584233646
product_evidence_fusion,0.28,31200,8733,3076,5657,0.27990384615384617,0.0985897435897436,0.18131410256410257,0.35222718424367344
product_evidence_fusion,0.29,31200,9045,3328,5717,0.2899038461538462,0.10666666666666667,0.1832371794871795,0.3679380873410724
product_evidence_fusion,0.3,31200,9362,3529,5833,0.30006410256410254,0.11310897435897437,0.18695512820512822,0.3769493697927793
product_evidence_fusion,0.31,31200,9676,3720,5956,0.3101282051282051,0.11923076923076924,0.1908974358974359,0.3844563869367507
product_evidence_fusion,0.32,31200,9982,3880,6102,0.31993589743589745,0.12435897435897436,0.19557692307692306,0.38869965938689643
product_evidence_fusion,0.33,31200,10296,4025,6271,0.33,0.12900641025641027,0.20099358974358975,0.3909285159285159
product_evidence_fusion,0.34,31200,10606,4155,6451,0.3399358974358974,0.13317307692307692,0.20676282051282052,0.3917593814821799
product_evidence_fusion,0.35,31200,10918,4261,6657,0.3499358974358974,0.13657051282051283,0.21336538461538462,0.39027294376259386
product_evidence_fusion,0.36,31200,11235,4379,6856,0.36009615384615384,0.1403525641025641,0.21974358974358973,0.3897641299510458
product_evidence_fusion,0.37,31200,11545,4494,7051,0.3700320512820513,0.14403846153846153,0.22599358974358974,0.3892594196621914
product_evidence_fusion,0.38,31200,11859,4612,7247,0.38009615384615386,0.1478205128205128,0.23227564102564102,0.38890294291255584
product_evidence_fusion,0.39,31200,12166,4767,7399,0.38993589743589746,0.15278846153846154,0.2371474358974359,0.39182968929804374
product_evidence_fusion,0.4,31200,12485,4972,7513,0.40016025641025643,0.15935897435897436,0.24080128205128204,0.39823788546255506
product_evidence_fusion,0.41,31200,12793,5210,7583,0.4100320512820513,0.16698717948717948,0.2430448717948718,0.40725396701321037
product_evidence_fusion,0.42,31200,13112,5460,7652,0.42025641025641025,0.175,0.24525641025641026,0.4164124466137889
product_evidence_fusion,0.43,31200,13415,5714,7701,0.42996794871794874,0.18314102564102563,0.24682692307692308,0.425941110696981
product_evidence_fusion,0.44,31200,13718,5956,7762,0.4396794871794872,0.1908974358974359,0.24878205128205128,0.43417407785391454
product_evidence_fusion,0.45,31200,14038,6209,7829,0.44993589743589746,0.19900641025641025,0.25092948717948715,0.4422994728593817
product_evidence_fusion,0.46,31200,14347,6449,7898,0.4598397435897436,0.20669871794871794,0.25314102564102564,0.44950163797309545
product_evidence_fusion,0.47,31200,14665,6707,7958,0.4700320512820513,0.21496794871794872,0.25506410256410256,0.4573474258438459
product_evidence_fusion,0.48,31200,14730,6760,7970,0.4721153846153846,0.21666666666666667,0.25544871794871793,0.4589273591310251
product_evidence_fusion,0.49,31200,14730,6760,7970,0.4721153846153846,0.21666666666666667,0.25544871794871793,0.4589273591310251
product_evidence_fusion,0.5,31200,14730,6760,7970,0.4721153846153846,0.21666666666666667,0.25544871794871793,0.4589273591310251
product_evidence_fusion,0.51,31200,14730,6760,7970,0.4721153846153846,0.21666666666666667,0.25544871794871793,0.4589273591310251
product_evidence_fusion,0.52,31200,14730,6760,7970,0.4721153846153846,0.21666666666666667,0.25544871794871793,0.4589273591310251
product_evidence_fusion,0.53,31200,14730,6760,7970,0.4721153846153846,0.21666666666666667,0.25544871794871793,0.4589273591310251
product_evidence_fusion,0.54,31200,14730,6760,7970,0.4721153846153846,0.21666666666666667,0.25544871794871793,0.4589273591310251
product_evidence_fusion,0.55,31200,14730,6760,7970,0.4721153846153846,0.21666666666666667,0.25544871794871793,0.4589273591310251
product_evidence_fusion,0.56,31200,14730,6760,7970,0.4721153846153846,0.21666666666666667,0.25544871794871793,0.4589273591310251
product_evidence_fusion,0.57,31200,14730,6760,7970,0.4721153846153846,0.21666666666666667,0.25544871794871793,0.4589273591310251
product_evidence_fusion,0.58,31200,14730,6760,7970,0.4721153846153846,0.21666666666666667,0.25544871794871793,0.4589273591310251
product_evidence_fusion,0.59,31200,14730,6760,7970,0.4721153846153846,0.21666666666666667,0.25544871794871793,0.4589273591310251
product_evidence_fusion,0.6,31200,14730,6760,7970,0.4721153846153846,0.21666666666666667,0.25544871794871793,0.4589273591310251
nested_evidential_composition,0.01,31200,319,0,319,0.010224358974358975,0.0,0.010224358974358975,0.0
nested_evidential_composition,0.02,31200,613,0,613,0.019647435897435898,0.0,0.019647435897435898,0.0
nested_evidential_composition,0.03,31200,926,0,926,0.02967948717948718,0.0,0.02967948717948718,0.0
nested_evidential_composition,0.04,31200,1247,0,1247,0.03996794871794872,0.0,0.03996794871794872,0.0
nested_evidential_composition,0.05,31200,1549,0,1549,0.0496474358974359,0.0,0.0496474358974359,0.0
nested_evidential_composition,0.06,31200,1850,0,1850,0.05929487179487179,0.0,0.05929487179487179,0.0
nested_evidential_composition,0.07,31200,2185,0,2185,0.07003205128205128,0.0,0.07003205128205128,0.0
nested_evidential_composition,0.08,31200,2483,0,2483,0.07958333333333334,0.0,0.07958333333333334,0.0
nested_evidential_composition,0.09,31200,2788,0,2788,0.08935897435897436,0.0,0.08935897435897436,0.0
nested_evidential_composition,0.1,31200,3087,0,3087,0.09894230769230769,0.0,0.09894230769230769,0.0
nested_evidential_composition,0.11,31200,3425,0,3425,0.10977564102564102,0.0,0.10977564102564102,0.0
nested_evidential_composition,0.12,31200,3742,0,3742,0.11993589743589744,0.0,0.11993589743589744,0.0
nested_evidential_composition,0.13,31200,4062,0,4062,0.1301923076923077,0.0,0.1301923076923077,0.0
nested_evidential_composition,0.14,31200,4372,0,4372,0.14012820512820512,0.0,0.14012820512820512,0.0
nested_evidential_composition,0.15,31200,4688,0,4688,0.15025641025641026,0.0,0.15025641025641026,0.0
nested_evidential_composition,0.16,31200,4990,188,4802,0.15993589743589742,0.006025641025641026,0.1539102564102564,0.03767535070140281
nested_evidential_composition,0.17,31200,5304,317,4987,0.17,0.01016025641025641,0.1598397435897436,0.05976621417797889
nested_evidential_composition,0.18,31200,5622,389,5233,0.18019230769230768,0.012467948717948717,0.16772435897435897,0.06919245819992885
nested_evidential_composition,0.19,31200,5925,457,5468,0.18990384615384615,0.014647435897435897,0.17525641025641026,0.07713080168776372
nested_evidential_composition,0.2,31200,6232,527,5705,0.19974358974358974,0.01689102564102564,0.1828525641025641,0.08456354300385109
nested_evidential_composition,0.21,31200,6553,611,5942,0.21003205128205127,0.019583333333333335,0.19044871794871795,0.0932397375247978
nested_evidential_composition,0.22,31200,6865,671,6194,0.22003205128205128,0.021506410256410258,0.19852564102564102,0.09774217042971595
nested_evidential_composition,0.23,31200,7177,754,6423,0.2300320512820513,0.024166666666666666,0.20586538461538462,0.10505782360317681
nested_evidential_composition,0.24,31200,7490,847,6643,0.24006410256410257,0.027147435897435897,0.21291666666666667,0.1130841121495327
nested_evidential_composition,0.25,31200,7801,935,6866,0.2500320512820513,0.02996794871794872,0.22006410256410255,0.11985642866299193
nested_evidential_composition,0.26,31200,8113,1084,7029,0.26003205128205126,0.034743589743589744,0.22528846153846155,0.13361272032540367
nested_evidential_composition,0.27,31200,8428,1282,7146,0.2701282051282051,0.04108974358974359,0.22903846153846155,0.15211200759373517
nested_evidential_composition,0.28,31200,8740,1509,7231,0.28012820512820513,0.048365384615384616,0.23176282051282052,0.17265446224256292
nested_evidential_composition,0.29,31200,9042,1741,7301,0.2898076923076923,0.05580128205128205,0.23400641025641025,0.19254589692545898
nested_evidential_composition,0.3,31200,9357,1988,7369,0.29990384615384613,0.06371794871794872,0.23618589743589744,0.21246125895051832
nested_evidential_composition,0.31,31200,9669,2249,7420,0.30990384615384614,0.07208333333333333,0.2378205128205128,0.23259902782087083
nested_evidential_composition,0.32,31200,9985,2515,7470,0.32003205128205126,0.08060897435897436,0.23942307692307693,0.25187781672508763
nested_evidential_composition,0.33,31200,10295,2814,7481,0.3299679487179487,0.0901923076923077,0.23977564102564103,0.2733365711510442
nested_evidential_composition,0.34,31200,10607,3099,7508,0.3399679487179487,0.09932692307692308,0.24064102564102563,0.29216555105119263
nested_evidential_composition,0.35,31200,10907,3376,7531,0.34958333333333336,0.1082051282051282,0.24137820512820513,0.3095259924818924
nested_evidential_composition,0.36,31200,11243,3678,7565,0.3603525641025641,0.11788461538461538,0.24246794871794872,0.32713688517299655
nested_evidential_composition,0.37,31200,11541,3946,7595,0.36990384615384614,0.12647435897435896,0.24342948717948718,0.341911446148514
nested_evidential_composition,0.38,31200,11854,4224,7630,0.37993589743589745,0.13538461538461538,0.24455128205128204,0.35633541420617515
nested_evidential_composition,0.39,31200,12159,4493,7666,0.38971153846153844,0.14400641025641026,0.24570512820512821,0.36952051977958716
nested_evidential_composition,0.4,31200,12493,4799,7694,0.40041666666666664,0.15381410256410255,0.2466025641025641,0.38413511566477226
nested_evidential_composition,0.41,31200,12788,5063,7725,0.40987179487179487,0.16227564102564102,0.24759615384615385,0.3959180481701595
nested_evidential_composition,0.42,31200,13106,5344,7762,0.42006410256410254,0.1712820512820513,0.24878205128205128,0.40775217457652985
nested_evidential_composition,0.43,31200,13420,5627,7793,0.43012820512820515,0.1803525641025641,0.24977564102564104,0.41929955290611026
nested_evidential_composition,0.44,31200,13714,5891,7823,0.4395512820512821,0.18881410256410255,0.2507371794871795,0.42956103252151084
nested_evidential_composition,0.45,31200,14043,6176,7867,0.45009615384615387,0.19794871794871796,0.2521474358974359,0.43979206722210357
nested_evidential_composition,0.46,31200,14347,6434,7913,0.4598397435897436,0.2062179487179487,0.25362179487179487,0.44845612323133754
nested_evidential_composition,0.47,31200,14667,6714,7953,0.47009615384615383,0.21519230769230768,0.25490384615384615,0.4577623235835549
nested_evidential_composition,0.48,31200,14730,6775,7955,0.4721153846153846,0.2171474358974359,0.2549679487179487,0.45994568906992533
nested_evidential_composition,0.49,31200,14730,6775,7955,0.4721153846153846,0.2171474358974359,0.2549679487179487,0.45994568906992533
nested_evidential_composition,0.5,31200,14730,6775,7955,0.4721153846153846,0.2171474358974359,0.2549679487179487,0.45994568906992533
nested_evidential_composition,0.51,31200,14730,6775,7955,0.4721153846153846,0.2171474358974359,0.2549679487179487,0.45994568906992533
nested_evidential_composition,0.52,31200,14730,6775,7955,0.4721153846153846,0.2171474358974359,0.2549679487179487,0.45994568906992533
nested_evidential_composition,0.53,31200,14730,6775,7955,0.4721153846153846,0.2171474358974359,0.2549679487179487,0.45994568906992533
nested_evidential_composition,0.54,31200,14730,6775,7955,0.4721153846153846,0.2171474358974359,0.2549679487179487,0.45994568906992533
nested_evidential_composition,0.55,31200,14730,6775,7955,0.4721153846153846,0.2171474358974359,0.2549679487179487,0.45994568906992533
nested_evidential_composition,0.56,31200,14730,6775,7955,0.4721153846153846,0.2171474358974359,0.2549679487179487,0.45994568906992533
nested_evidential_composition,0.57,31200,14730,6775,7955,0.4721153846153846,0.2171474358974359,0.2549679487179487,0.45994568906992533
nested_evidential_composition,0.58,31200,14730,6775,7955,0.4721153846153846,0.2171474358974359,0.2549679487179487,0.45994568906992533
nested_evidential_composition,0.59,31200,14730,6775,7955,0.4721153846153846,0.2171474358974359,0.2549679487179487,0.45994568906992533
nested_evidential_composition,0.6,31200,14730,6775,7955,0.4721153846153846,0.2171474358974359,0.2549679487179487,0.45994568906992533
cautious_evidence_fusion,0.01,31200,311,2,309,0.009967948717948719,6.41025641025641e-05,0.009903846153846154,0.006430868167202572
cautious_evidence_fusion,0.02,31200,624,29,595,0.02,0.0009294871794871795,0.019070512820512822,0.046474358974358976
cautious_evidence_fusion,0.03,31200,940,73,867,0.03012820512820513,0.00233974358974359,0.02778846153846154,0.07765957446808511
cautious_evidence_fusion,0.04,31200,1238,114,1124,0.03967948717948718,0.003653846153846154,0.03602564102564103,0.09208400646203554
cautious_evidence_fusion,0.05,31200,1559,156,1403,0.04996794871794872,0.005,0.044967948717948715,0.10006414368184734
cautious_evidence_fusion,0.06,31200,1863,192,1671,0.05971153846153846,0.006153846153846154,0.053557692307692306,0.10305958132045089
cautious_evidence_fusion,0.07,31200,2183,219,1964,0.06996794871794872,0.007019230769230769,0.06294871794871795,0.10032065964269354
cautious_evidence_fusion,0.08,31200,2490,245,2245,0.0798076923076923,0.007852564102564102,0.0719551282051282,0.09839357429718876
cautious_evidence_fusion,0.09,31200,2810,258,2552,0.09006410256410256,0.00826923076923077,0.0817948717948718,0.09181494661921709
cautious_evidence_fusion,0.1,31200,3115,276,2839,0.0998397435897436,0.008846153846153846,0.09099358974358975,0.0886035313001605
cautious_evidence_fusion,0.11,31200,3424,282,3142,0.10974358974358975,0.009038461538461539,0.10070512820512821,0.08235981308411215
cautious_evidence_fusion,0.12,31200,3746,295,3451,0.12006410256410256,0.009455128205128204,0.11060897435897436,0.0787506673785371
cautious_evidence_fusion,0.13,31200,4047,304,3743,0.12971153846153846,0.009743589743589744,0.11996794871794872,0.07511737089201878
cautious_evidence_fusion,0.14,31200,4370,313,4057,0.14006410256410257,0.010032051282051282,0.13003205128205128,0.07162471395881007
cautious_evidence_fusion,0.15,31200,4670,321,4349,0.14967948717948718,0.010288461538461538,0.13939102564102565,0.06873661670235547
cautious_evidence_fusion,0.16,31200,4988,329,4659,0.15987179487179487,0.010544871794871794,0.14932692307692308,0.06595829991980753
cautious_evidence_fusion,0.17,31200,5305,466,4839,0.1700320512820513,0.014935897435897436,0.15509615384615386,0.08784165881244109
cautious_evidence_fusion,0.18,31200,5612,716,4896,0.17987179487179486,0.02294871794871795,0.15692307692307692,0.12758374910905204
cautious_evidence_fusion,0.19,31200,5930,984,4946,0.19006410256410255,0.031538461538461536,0.158525641025641,0.16593591905564925
cautious_evidence_fusion,0.2,31200,6238,1237,5001,0.19993589743589743,0.0396474358974359,0.16028846153846155,0.1983007374158384
cautious_evidence_fusion,0.21,31200,6547,1502,5045,0.20983974358974358,0.04814102564102564,0.16169871794871796,0.22941805407056667
cautious_evidence_fusion,0.22,31200,6864,1782,5082,0.22,0.057115384615384616,0.16288461538461538,0.25961538461538464
cautious_evidence_fusion,0.23,31200,7178,2047,5131,0.23006410256410256,0.06560897435897436,0.1644551282051282,0.28517692950682644
cautious_evidence_fusion,0.24,31200,7488,2302,5186,0.24,0.07378205128205129,0.1662179487179487,0.3074252136752137
cautious_evidence_fusion,0.25,31200,7791,2535,5256,0.24971153846153846,0.08125,0.16846153846153847,0.3253754331921448
cautious_evidence_fusion,0.26,31200,8110,2787,5323,0.25993589743589746,0.08932692307692308,0.17060897435897435,0.3436498150431566
cautious_evidence_fusion,0.27,31200,8421,3021,5400,0.26990384615384616,0.09682692307692307,0.17307692307692307,0.358745992162451
cautious_evidence_fusion,0.28,31200,8735,3249,5486,0.2799679487179487,0.10413461538461538,0.17583333333333334,0.37195191757298224
cautious_evidence_fusion,0.29,31200,9047,3472,5575,0.28996794871794873,0.11128205128205128,0.17868589743589744,0.38377362661655795
cautious_evidence_fusion,0.3,31200,9365,3686,5679,0.3001602564102564,0.11814102564102565,0.18201923076923077,0.39359316604378003
cautious_evidence_fusion,0.31,31200,9667,3880,5787,0.3098397435897436,0.12435897435897436,0.18548076923076923,0.4013654701562015
cautious_evidence_fusion,0.32,31200,9978,4091,5887,0.3198076923076923,0.13112179487179487,0.18868589743589745,0.41000200440970136
cautious_evidence_fusion,0.33,31200,10281,4286,5995,0.3295192307692308,0.13737179487179488,0.1921474358974359,0.4168855169730571
cautious_evidence_fusion,0.34,31200,10615,4503,6112,0.340224358974359,0.14432692307692307,0.19589743589743588,0.4242110221384833
cautious_evidence_fusion,0.35,31200,10921,4687,6234,0.3500320512820513,0.15022435897435898,0.1998076923076923,0.4291731526416995
cautious_evidence_fusion,0.36,31200,11231,4878,6353,0.35996794871794874,0.15634615384615386,0.20362179487179488,0.4343335410916214
cautious_evidence_fusion,0.37,31200,11534,5074,6460,0.3696794871794872,0.16262820512820514,0.20705128205128207,0.4399167678168892
cautious_evidence_fusion,0.38,31200,11857,5265,6592,0.3800320512820513,0.16875,0.21128205128205127,0.4440414944758371
cautious_evidence_fusion,0.39,31200,12164,5452,6712,0.38987179487179485,0.17474358974358975,0.21512820512820513,0.44820782637290363
cautious_evidence_fusion,0.4,31200,12478,5673,6805,0.3999358974358974,0.18182692307692308,0.21810897435897436,0.45464016669338037
cautious_evidence_fusion,0.41,31200,12793,5916,6877,0.4100320512820513,0.1896153846153846,0.22041666666666668,0.4624403970921598
cautious_evidence_fusion,0.42,31200,13106,6174,6932,0.42006410256410254,0.19788461538461538,0.22217948717948718,0.4710819471997558
cautious_evidence_fusion,0.43,31200,13423,6425,6998,0.43022435897435896,0.20592948717948717,0.2242948717948718,0.47865603814348506
cautious_evidence_fusion,0.44,31200,13728,6677,7051,0.44,0.21400641025641026,0.22599358974358974,0.4863782051282051
cautious_evidence_fusion,0.45,31200,14032,6920,7112,0.44974358974358974,0.22179487179487178,0.22794871794871796,0.49315849486887114
cautious_evidence_fusion,0.46,31200,14348,7177,7171,0.45987179487179486,0.2300320512820513,0.2298397435897436,0.5002090883746864
cautious_evidence_fusion,0.47,31200,14659,7427,7232,0.46983974358974356,0.2380448717948718,0.2317948717948718,0.5066512040384746
cautious_evidence_fusion,0.48,31200,14729,7481,7248,0.47208333333333335,0.23977564102564103,0.2323076923076923,0.5079095661619933
cautious_evidence_fusion,0.49,31200,14729,7481,7248,0.47208333333333335,0.23977564102564103,0.2323076923076923,0.5079095661619933
cautious_evidence_fusion,0.5,31200,14729,7481,7248,0.47208333333333335,0.23977564102564103,0.2323076923076923,0.5079095661619933
cautious_evidence_fusion,0.51,31200,14729,7481,7248,0.47208333333333335,0.23977564102564103,0.2323076923076923,0.5079095661619933
cautious_evidence_fusion,0.52,31200,14729,7481,7248,0.47208333333333335,0.23977564102564103,0.2323076923076923,0.5079095661619933
cautious_evidence_fusion,0.53,31200,14729,7481,7248,0.47208333333333335,0.23977564102564103,0.2323076923076923,0.5079095661619933
cautious_evidence_fusion,0.54,31200,14729,7481,7248,0.47208333333333335,0.23977564102564103,0.2323076923076923,0.5079095661619933
cautious_evidence_fusion,0.55,31200,14729,7481,7248,0.47208333333333335,0.23977564102564103,0.2323076923076923,0.5079095661619933
cautious_evidence_fusion,0.56,31200,14729,7481,7248,0.47208333333333335,0.23977564102564103,0.2323076923076923,0.5079095661619933
cautious_evidence_fusion,0.57,31200,14729,7481,7248,0.47208333333333335,0.23977564102564103,0.2323076923076923,0.5079095661619933
cautious_evidence_fusion,0.58,31200,14729,7481,7248,0.47208333333333335,0.23977564102564103,0.2323076923076923,0.5079095661619933
cautious_evidence_fusion,0.59,31200,14729,7481,7248,0.47208333333333335,0.23977564102564103,0.2323076923076923,0.5079095661619933
cautious_evidence_fusion,0.6,31200,14729,7481,7248,0.47208333333333335,0.23977564102564103,0.2323076923076923,0.5079095661619933
lineage_unaware_pooling,0.01,31200,311,304,7,0.009967948717948719,0.009743589743589744,0.00022435897435897436,0.977491961414791
lineage_unaware_pooling,0.02,31200,620,435,185,0.01987179487179487,0.013942307692307693,0.005929487179487179,0.7016129032258065
lineage_unaware_pooling,0.03,31200,937,505,432,0.030032051282051282,0.016185897435897437,0.013846153846153847,0.5389541088580576
lineage_unaware_pooling,0.04,31200,1246,549,697,0.039935897435897434,0.017596153846153845,0.02233974358974359,0.4406099518459069
lineage_unaware_pooling,0.05,31200,1559,589,970,0.04996794871794872,0.01887820512820513,0.03108974358974359,0.37780628608082106
lineage_unaware_pooling,0.06,31200,1876,628,1248,0.06012820512820513,0.020128205128205127,0.04,0.3347547974413646
lineage_unaware_pooling,0.07,31200,2183,662,1521,0.06996794871794872,0.021217948717948718,0.04875,0.3032524049473202
lineage_unaware_pooling,0.08,31200,2494,694,1800,0.07993589743589744,0.022243589743589743,0.057692307692307696,0.27826784282277467
lineage_unaware_pooling,0.09,31200,2806,720,2086,0.08993589743589743,0.023076923076923078,0.06685897435897437,0.25659301496792586
lineage_unaware_pooling,0.1,31200,3114,758,2356,0.0998076923076923,0.024294871794871796,0.07551282051282052,0.24341682723185612
lineage_unaware_pooling,0.11,31200,3433,807,2626,0.11003205128205128,0.025865384615384616,0.08416666666666667,0.2350713661520536
lineage_unaware_pooling,0.12,31200,3744,865,2879,0.12,0.027724358974358973,0.09227564102564102,0.2310363247863248
lineage_unaware_pooling,0.13,31200,4056,914,3142,0.13,0.029294871794871793,0.10070512820512821,0.22534516765285997
lineage_unaware_pooling,0.14,31200,4359,968,3391,0.13971153846153847,0.031025641025641027,0.10868589743589743,0.22206928194540032
lineage_unaware_pooling,0.15,31200,4675,1022,3653,0.14983974358974358,0.032756410256410254,0.11708333333333333,0.2186096256684492
lineage_unaware_pooling,0.16,31200,4989,1091,3898,0.15990384615384615,0.03496794871794872,0.12493589743589743,0.21868109841651634
lineage_unaware_pooling,0.17,31200,5306,1178,4128,0.17006410256410256,0.03775641025641026,0.13230769230769232,0.22201281568036185
lineage_unaware_pooling,0.18,31200,5610,1291,4319,0.1798076923076923,0.04137820512820513,0.1384294871794872,0.23012477718360072
lineage_unaware_pooling,0.19,31200,5929,1421,4508,0.19003205128205128,0.045544871794871794,0.14448717948717948,0.2396694214876033
lineage_unaware_pooling,0.2,31200,6237,1550,4687,0.19990384615384615,0.049679487179487176,0.15022435897435898,0.24851691518358185
lineage_unaware_pooling,0.21,31200,6550,1711,4839,0.20993589743589744,0.05483974358974359,0.15509615384615386,0.26122137404580154
lineage_unaware_pooling,0.22,31200,6867,1909,4958,0.22009615384615386,0.06118589743589744,0.1589102564102564,0.2779962137760303
lineage_unaware_pooling,0.23,31200,7176,2117,5059,0.23,0.0678525641025641,0.1621474358974359,0.29501114827201785
lineage_unaware_pooling,0.24,31200,7490,2378,5112,0.24006410256410257,0.07621794871794872,0.16384615384615384,0.31748998664886513
lineage_unaware_pooling,0.25,31200,7796,2662,5134,0.24987179487179487,0.08532051282051283,0.16455128205128206,0.3414571575166752
lineage_unaware_pooling,0.26,31200,8111,2954,5157,0.2599679487179487,0.09467948717948718,0.16528846153846155,0.36419676981876464
lineage_unaware_pooling,0.27,31200,8425,3225,5200,0.27003205128205127,0.10336538461538461,0.16666666666666666,0.3827893175074184
lineage_unaware_pooling,0.28,31200,8736,3483,5253,0.28,0.11163461538461539,0.1683653846153846,0.39869505494505497
lineage_unaware_pooling,0.29,31200,9052,3740,5312,0.29012820512820514,0.11987179487179488,0.17025641025641025,0.41316836058329653
lineage_unaware_pooling,0.3,31200,9364,3961,5403,0.30012820512820515,0.1269551282051282,0.17317307692307693,0.4230029901751388
lineage_unaware_pooling,0.31,31200,9664,4074,5590,0.30974358974358973,0.1305769230769231,0.17916666666666667,0.42156456953642385
lineage_unaware_pooling,0.32,31200,9983,4246,5737,0.3199679487179487,0.1360897435897436,0.18387820512820513,0.42532304918361213
lineage_unaware_pooling,0.33,31200,10296,4314,5982,0.33,0.13826923076923076,0.19173076923076923,0.418997668997669
lineage_unaware_pooling,0.34,31200,10609,4370,6239,0.3400320512820513,0.14006410256410257,0.1999679487179487,0.41191441229145065
lineage_unaware_pooling,0.35,31200,10916,4488,6428,0.3498717948717949,0.14384615384615385,0.20602564102564103,0.4111396115793331
lineage_unaware_pooling,0.36,31200,11232,4622,6610,0.36,0.14814102564102563,0.21185897435897436,0.411502849002849
lineage_unaware_pooling,0.37,31200,11544,4766,6778,0.37,0.15275641025641026,0.21724358974358973,0.4128551628551629
lineage_unaware_pooling,0.38,31200,11859,4928,6931,0.38009615384615386,0.15794871794871795,0.2221474358974359,0.41554937178514206
lineage_unaware_pooling,0.39,31200,12162,5105,7057,0.3898076923076923,0.16362179487179487,0.22618589743589743,0.41975004111165926
lineage_unaware_pooling,0.4,31200,12475,5298,7177,0.3998397435897436,0.1698076923076923,0.2300320512820513,0.42468937875751506
lineage_unaware_pooling,0.41,31200,12787,5489,7298,0.40983974358974357,0.17592948717948717,0.23391025641025642,0.4292640963478533
lineage_unaware_pooling,0.42,31200,13099,5697,7402,0.4198397435897436,0.18259615384615385,0.23724358974358975,0.4349186960836705
lineage_unaware_pooling,0.43,31200,13413,5918,7495,0.42990384615384614,0.18967948717948718,0.24022435897435898,0.4412137478565571
lineage_unaware_pooling,0.44,31200,13723,6131,7592,0.4398397435897436,0.19650641025641025,0.24333333333333335,0.44676819937331486
lineage_unaware_pooling,0.45,31200,14034,6367,7667,0.4498076923076923,0.20407051282051283,0.2457371794871795,0.453683910503064
lineage_unaware_pooling,0.46,31200,14346,6610,7736,0.4598076923076923,0.21185897435897436,0.24794871794871795,0.46075561132022863
lineage_unaware_pooling,0.47,31200,14664,6864,7800,0.47,0.22,0.25,0.46808510638297873
lineage_unaware_pooling,0.48,31200,14730,6918,7812,0.4721153846153846,0.22173076923076923,0.25038461538461537,0.46965376782077395
lineage_unaware_pooling,0.49,31200,14730,6918,7812,0.4721153846153846,0.22173076923076923,0.25038461538461537,0.46965376782077395
lineage_unaware_pooling,0.5,31200,14730,6918,7812,0.4721153846153846,0.22173076923076923,0.25038461538461537,0.46965376782077395
lineage_unaware_pooling,0.51,31200,14730,6918,7812,0.4721153846153846,0.22173076923076923,0.25038461538461537,0.46965376782077395
lineage_unaware_pooling,0.52,31200,14730,6918,7812,0.4721153846153846,0.22173076923076923,0.25038461538461537,0.46965376782077395
lineage_unaware_pooling,0.53,31200,14730,6918,7812,0.4721153846153846,0.22173076923076923,0.25038461538461537,0.46965376782077395
lineage_unaware_pooling,0.54,31200,14730,6918,7812,0.4721153846153846,0.22173076923076923,0.25038461538461537,0.46965376782077395
lineage_unaware_pooling,0.55,31200,14730,6918,7812,0.4721153846153846,0.22173076923076923,0.25038461538461537,0.46965376782077395
lineage_unaware_pooling,0.56,31200,14730,6918,7812,0.4721153846153846,0.22173076923076923,0.25038461538461537,0.46965376782077395
lineage_unaware_pooling,0.57,31200,14730,6918,7812,0.4721153846153846,0.22173076923076923,0.25038461538461537,0.46965376782077395
lineage_unaware_pooling,0.58,31200,14730,6918,7812,0.4721153846153846,0.22173076923076923,0.25038461538461537,0.46965376782077395
lineage_unaware_pooling,0.59,31200,14730,6918,7812,0.4721153846153846,0.22173076923076923,0.25038461538461537,0.46965376782077395
lineage_unaware_pooling,0.6,31200,14730,6918,7812,0.4721153846153846,0.22173076923076923,0.25038461538461537,0.46965376782077395
registered_lineage_pooling,0.01,31200,315,209,106,0.010096153846153847,0.006698717948717949,0.0033974358974358976,0.6634920634920635
registered_lineage_pooling,0.02,31200,620,284,336,0.01987179487179487,0.009102564102564102,0.010769230769230769,0.45806451612903226
registered_lineage_pooling,0.03,31200,930,345,585,0.02980769230769231,0.011057692307692308,0.01875,0.3709677419354839
registered_lineage_pooling,0.04,31200,1253,399,854,0.04016025641025641,0.012788461538461538,0.02737179487179487,0.31843575418994413
registered_lineage_pooling,0.05,31200,1552,435,1117,0.04974358974358974,0.013942307692307693,0.03580128205128205,0.2802835051546392
registered_lineage_pooling,0.06,31200,1880,474,1406,0.06025641025641026,0.015192307692307692,0.045064102564102565,0.2521276595744681
registered_lineage_pooling,0.07,31200,2184,503,1681,0.07,0.01612179487179487,0.053878205128205126,0.2303113553113553
registered_lineage_pooling,0.08,31200,2495,529,1966,0.07996794871794871,0.016955128205128206,0.06301282051282052,0.21202404809619238
registered_lineage_pooling,0.09,31200,2808,549,2259,0.09,0.017596153846153845,0.07240384615384615,0.1955128205128205
registered_lineage_pooling,0.1,31200,3121,581,2540,0.10003205128205128,0.018621794871794873,0.08141025641025641,0.1861582826017302
registered_lineage_pooling,0.11,31200,3431,622,2809,0.10996794871794872,0.019935897435897437,0.09003205128205129,0.18128825415330807
registered_lineage_pooling,0.12,31200,3741,657,3084,0.11990384615384615,0.02105769230769231,0.09884615384615385,0.1756214915797915
registered_lineage_pooling,0.13,31200,4051,698,3353,0.1298397435897436,0.022371794871794873,0.10746794871794872,0.17230313502838807
registered_lineage_pooling,0.14,31200,4371,748,3623,0.14009615384615384,0.023974358974358973,0.11612179487179487,0.17112788835506748
registered_lineage_pooling,0.15,31200,4677,825,3852,0.14990384615384617,0.026442307692307692,0.12346153846153846,0.1763951250801796
registered_lineage_pooling,0.16,31200,4989,913,4076,0.15990384615384615,0.029262820512820514,0.13064102564102564,0.18300260573261173
registered_lineage_pooling,0.17,31200,5296,1016,4280,0.16974358974358975,0.03256410256410256,0.1371794871794872,0.19184290030211482
registered_lineage_pooling,0.18,31200,5610,1142,4468,0.1798076923076923,0.0366025641025641,0.1432051282051282,0.2035650623885918
registered_lineage_pooling,0.19,31200,5926,1320,4606,0.18993589743589745,0.04230769230769231,0.14762820512820513,0.22274721565980427
registered_lineage_pooling,0.2,31200,6244,1483,4761,0.20012820512820512,0.047532051282051284,0.15259615384615385,0.2375080076873799
registered_lineage_pooling,0.21,31200,6554,1656,4898,0.21006410256410257,0.05307692307692308,0.1569871794871795,0.25267012511443393
registered_lineage_pooling,0.22,31200,6862,1868,4994,0.21993589743589745,0.05987179487179487,0.16006410256410256,0.27222384144564266
registered_lineage_pooling,0.23,31200,7177,2094,5083,0.2300320512820513,0.06711538461538462,0.16291666666666665,0.2917653615716873
registered_lineage_pooling,0.24,31200,7490,2354,5136,0.24006410256410257,0.07544871794871795,0.1646153846153846,0.3142857142857143
registered_lineage_pooling,0.25,31200,7800,2652,5148,0.25,0.085,0.165,0.34
registered_lineage_pooling,0.26,31200,8111,2943,5168,0.2599679487179487,0.09432692307692307,0.16564102564102565,0.3628405868573542
registered_lineage_pooling,0.27,31200,8422,3214,5208,0.2699358974358974,0.10301282051282051,0.16692307692307692,0.38161956779862266
registered_lineage_pooling,0.28,31200,8732,3478,5254,0.27987179487179487,0.11147435897435898,0.1683974358974359,0.3983050847457627
registered_lineage_pooling,0.29,31200,9051,3738,5313,0.29009615384615384,0.11980769230769231,0.17028846153846153,0.41299303944315546
registered_lineage_pooling,0.3,31200,9364,3961,5403,0.30012820512820515,0.1269551282051282,0.17317307692307693,0.4230029901751388
registered_lineage_pooling,0.31,31200,9664,4074,5590,0.30974358974358973,0.1305769230769231,0.17916666666666667,0.42156456953642385
registered_lineage_pooling,0.32,31200,9983,4246,5737,0.3199679487179487,0.1360897435897436,0.18387820512820513,0.42532304918361213
registered_lineage_pooling,0.33,31200,10296,4314,5982,0.33,0.13826923076923076,0.19173076923076923,0.418997668997669
registered_lineage_pooling,0.34,31200,10613,4367,6246,0.34016025641025643,0.1399679487179487,0.2001923076923077,0.41147649109582585
registered_lineage_pooling,0.35,31200,10913,4478,6435,0.349775641025641,0.14352564102564103,0.20625,0.41033629616054246
registered_lineage_pooling,0.36,31200,11233,4609,6624,0.3600320512820513,0.14772435897435898,0.2123076923076923,0.4103089112436571
registered_lineage_pooling,0.37,31200,11539,4748,6791,0.3698397435897436,0.15217948717948718,0.2176602564102564,0.4114741312072103
registered_lineage_pooling,0.38,31200,11856,4921,6935,0.38,0.15772435897435896,0.222275641025641,0.4150641025641026
registered_lineage_pooling,0.39,31200,12164,5099,7065,0.38987179487179485,0.1634294871794872,0.2264423076923077,0.4191877671818481
registered_lineage_pooling,0.4,31200,12480,5291,7189,0.4,0.16958333333333334,0.23041666666666666,0.4239583333333333
registered_lineage_pooling,0.41,31200,12797,5493,7304,0.4101602564102564,0.1760576923076923,0.2341025641025641,0.4292412284129093
registered_lineage_pooling,0.42,31200,13099,5688,7411,0.4198397435897436,0.1823076923076923,0.2375320512820513,0.4342316207344072
registered_lineage_pooling,0.43,31200,13418,5916,7502,0.43006410256410255,0.1896153846153846,0.24044871794871794,0.4409002832016694
registered_lineage_pooling,0.44,31200,13721,6129,7592,0.43977564102564104,0.1964423076923077,0.24333333333333335,0.4466875592158006
registered_lineage_pooling,0.45,31200,14031,6365,7666,0.44971153846153844,0.20400641025641025,0.24570512820512821,0.45363837217589625
registered_lineage_pooling,0.46,31200,14345,6610,7735,0.459775641025641,0.21185897435897436,0.24791666666666667,0.4607877309166957
registered_lineage_pooling,0.47,31200,14664,6864,7800,0.47,0.22,0.25,0.46808510638297873
registered_lineage_pooling,0.48,31200,14730,6918,7812,0.4721153846153846,0.22173076923076923,0.25038461538461537,0.46965376782077395
registered_lineage_pooling,0.49,31200,14730,6918,7812,0.4721153846153846,0.22173076923076923,0.25038461538461537,0.46965376782077395
registered_lineage_pooling,0.5,31200,14730,6918,7812,0.4721153846153846,0.22173076923076923,0.25038461538461537,0.46965376782077395
registered_lineage_pooling,0.51,31200,14730,6918,7812,0.4721153846153846,0.22173076923076923,0.25038461538461537,0.46965376782077395
registered_lineage_pooling,0.52,31200,14730,6918,7812,0.4721153846153846,0.22173076923076923,0.25038461538461537,0.46965376782077395
registered_lineage_pooling,0.53,31200,14730,6918,7812,0.4721153846153846,0.22173076923076923,0.25038461538461537,0.46965376782077395
registered_lineage_pooling,0.54,31200,14730,6918,7812,0.4721153846153846,0.22173076923076923,0.25038461538461537,0.46965376782077395
registered_lineage_pooling,0.55,31200,14730,6918,7812,0.4721153846153846,0.22173076923076923,0.25038461538461537,0.46965376782077395
registered_lineage_pooling,0.56,31200,14730,6918,7812,0.4721153846153846,0.22173076923076923,0.25038461538461537,0.46965376782077395
registered_lineage_pooling,0.57,31200,14730,6918,7812,0.4721153846153846,0.22173076923076923,0.25038461538461537,0.46965376782077395
registered_lineage_pooling,0.58,31200,14730,6918,7812,0.4721153846153846,0.22173076923076923,0.25038461538461537,0.46965376782077395
registered_lineage_pooling,0.59,31200,14730,6918,7812,0.4721153846153846,0.22173076923076923,0.25038461538461537,0.46965376782077395
registered_lineage_pooling,0.6,31200,14730,6918,7812,0.4721153846153846,0.22173076923076923,0.25038461538461537,0.46965376782077395
pcecf,0.01,31200,315,0,315,0.010096153846153847,0.0,0.010096153846153847,0.0
pcecf,0.02,31200,631,0,631,0.020224358974358973,0.0,0.020224358974358973,0.0
pcecf,0.03,31200,936,0,936,0.03,0.0,0.03,0.0
pcecf,0.04,31200,1242,0,1242,0.03980769230769231,0.0,0.03980769230769231,0.0
pcecf,0.05,31200,1556,0,1556,0.04987179487179487,0.0,0.04987179487179487,0.0
pcecf,0.06,31200,1882,0,1882,0.06032051282051282,0.0,0.06032051282051282,0.0
pcecf,0.07,31200,2179,0,2179,0.06983974358974358,0.0,0.06983974358974358,0.0
pcecf,0.08,31200,2487,0,2487,0.07971153846153846,0.0,0.07971153846153846,0.0
pcecf,0.09,31200,2805,0,2805,0.08990384615384615,0.0,0.08990384615384615,0.0
pcecf,0.1,31200,3117,0,3117,0.09990384615384615,0.0,0.09990384615384615,0.0
pcecf,0.11,31200,3424,0,3424,0.10974358974358975,0.0,0.10974358974358975,0.0
pcecf,0.12,31200,3737,0,3737,0.11977564102564102,0.0,0.11977564102564102,0.0
pcecf,0.13,31200,4043,0,4043,0.12958333333333333,0.0,0.12958333333333333,0.0
pcecf,0.14,31200,4371,0,4371,0.14009615384615384,0.0,0.14009615384615384,0.0
pcecf,0.15,31200,4677,0,4677,0.14990384615384617,0.0,0.14990384615384617,0.0
pcecf,0.16,31200,4988,188,4800,0.15987179487179487,0.006025641025641026,0.15384615384615385,0.03769045709703288
pcecf,0.17,31200,5307,331,4976,0.17009615384615384,0.010608974358974359,0.1594871794871795,0.06237045411720369
pcecf,0.18,31200,5616,331,5285,0.18,0.010608974358974359,0.16939102564102565,0.05893874643874644
pcecf,0.19,31200,5933,331,5602,0.1901602564102564,0.010608974358974359,0.17955128205128204,0.05578965110399461
pcecf,0.2,31200,6242,331,5911,0.20006410256410256,0.010608974358974359,0.1894551282051282,0.053027875680871514
pcecf,0.21,31200,6552,331,6221,0.21,0.010608974358974359,0.19939102564102565,0.05051892551892552
pcecf,0.22,31200,6861,331,6530,0.21990384615384614,0.010608974358974359,0.2092948717948718,0.04824369625419035
pcecf,0.23,31200,7175,331,6844,0.2299679487179487,0.010608974358974359,0.21935897435897436,0.046132404181184666
pcecf,0.24,31200,7486,331,7155,0.23993589743589744,0.010608974358974359,0.22932692307692307,0.04421586962329682
pcecf,0.25,31200,7800,367,7433,0.25,0.011762820512820512,0.23823717948717948,0.04705128205128205
pcecf,0.26,31200,8112,475,7637,0.26,0.015224358974358974,0.24477564102564103,0.058555226824457594
pcecf,0.27,31200,8424,600,7824,0.27,0.019230769230769232,0.25076923076923074,0.07122507122507123
pcecf,0.28,31200,8740,769,7971,0.28012820512820513,0.0246474358974359,0.25548076923076923,0.0879862700228833
pcecf,0.29,31200,9057,943,8114,0.29028846153846155,0.030224358974358975,0.26006410256410256,0.10411836148835155
pcecf,0.3,31200,9356,1127,8229,0.2998717948717949,0.03612179487179487,0.26375,0.12045746045318512
pcecf,0.31,31200,9678,1321,8357,0.3101923076923077,0.042339743589743586,0.2678525641025641,0.13649514362471585
pcecf,0.32,31200,9980,1485,8495,0.31987179487179485,0.047596153846153844,0.272275641025641,0.14879759519038077
pcecf,0.33,31200,10298,1665,8633,0.33006410256410257,0.05336538461538461,0.276698717948718,0.1616818799766945
pcecf,0.34,31200,10615,1846,8769,0.340224358974359,0.059166666666666666,0.2810576923076923,0.1739048516250589
pcecf,0.35,31200,10917,2043,8874,0.3499038461538462,0.06548076923076923,0.28442307692307695,0.18713932399010716
pcecf,0.36,31200,11240,2244,8996,0.36025641025641025,0.07192307692307692,0.28833333333333333,0.199644128113879
pcecf,0.37,31200,11547,2435,9112,0.37009615384615385,0.0780448717948718,0.29205128205128206,0.21087728414306747
pcecf,0.38,31200,11854,2615,9239,0.37993589743589745,0.08381410256410256,0.29612179487179485,0.2206006411337945
pcecf,0.39,31200,12171,2807,9364,0.39009615384615387,0.08996794871794872,0.30012820512820515,0.23063018650891462
pcecf,0.4,31200,12478,3001,9477,0.3999358974358974,0.09618589743589744,0.30375,0.24050328578297805
pcecf,0.41,31200,12786,3184,9602,0.4098076923076923,0.10205128205128206,0.30775641025641026,0.2490223682152354
pcecf,0.42,31200,13102,3371,9731,0.41993589743589743,0.1080448717948718,0.31189102564102567,0.2572889635170203
pcecf,0.43,31200,13413,3564,9849,0.42990384615384614,0.11423076923076923,0.31567307692307695,0.26571236859762914
pcecf,0.44,31200,13727,3743,9984,0.4399679487179487,0.11996794871794872,0.32,0.27267429154221606
pcecf,0.45,31200,14035,3969,10066,0.4498397435897436,0.12721153846153846,0.3226282051282051,0.2827930174563591
pcecf,0.46,31200,14354,4284,10070,0.4600641025641026,0.1373076923076923,0.3227564102564103,0.29845339278249966
pcecf,0.47,31200,14663,4593,10070,0.4699679487179487,0.14721153846153845,0.3227564102564103,0.3132374002591557
pcecf,0.48,31200,14730,4660,10070,0.4721153846153846,0.14935897435897436,0.3227564102564103,0.3163611676849966
pcecf,0.49,31200,14730,4660,10070,0.4721153846153846,0.14935897435897436,0.3227564102564103,0.3163611676849966
pcecf,0.5,31200,14730,4660,10070,0.4721153846153846,0.14935897435897436,0.3227564102564103,0.3163611676849966
pcecf,0.51,31200,14730,4660,10070,0.4721153846153846,0.14935897435897436,0.3227564102564103,0.3163611676849966
pcecf,0.52,31200,14730,4660,10070,0.4721153846153846,0.14935897435897436,0.3227564102564103,0.3163611676849966
pcecf,0.53,31200,14730,4660,10070,0.4721153846153846,0.14935897435897436,0.3227564102564103,0.3163611676849966
pcecf,0.54,31200,14730,4660,10070,0.4721153846153846,0.14935897435897436,0.3227564102564103,0.3163611676849966
pcecf,0.55,31200,14730,4660,10070,0.4721153846153846,0.14935897435897436,0.3227564102564103,0.3163611676849966
pcecf,0.56,31200,14730,4660,10070,0.4721153846153846,0.14935897435897436,0.3227564102564103,0.3163611676849966
pcecf,0.57,31200,14730,4660,10070,0.4721153846153846,0.14935897435897436,0.3227564102564103,0.3163611676849966
pcecf,0.58,31200,14730,4660,10070,0.4721153846153846,0.14935897435897436,0.3227564102564103,0.3163611676849966
pcecf,0.59,31200,14730,4660,10070,0.4721153846153846,0.14935897435897436,0.3227564102564103,0.3163611676849966
pcecf,0.6,31200,14730,4660,10070,0.4721153846153846,0.14935897435897436,0.3227564102564103,0.3163611676849966
