"Path","SHA256","Bytes"
"BENCHMARK_INCLUSION_CANDIDATE.csv","E5C10A2286B1C58B7314F85FC45467EA8E359192738061BBB60EE9FB1D55F30B","953"
"CV_SELECTION.json","B98BB1B81B12A85A30B84DB110739B64CFE14AAB583E710119D875867869B8E3","1555"
"FINAL_DECISION.md","F89E8693E7948729B0621AC25A446EFBB72CFCAAA9144EFDEF9F48FCC817E86D","2484"
"FINAL_GATE.json","CFC512C8C8D42040D61AA1DF96DC9BEEBCC67E8520FED6222D64257C46EED24F","8879"
"FINAL_RUNS.csv","340C424D8C74F9D10DB797471018C5D08AAEE417517E10DCBB5FBFB123BEA709","3441"
"PHASE2_BOUNDED_SUMMARY.json","1E01C95E57B20BE2CE1C637046D24F4F4CED960145D361E0EFDB82AF79996494","2546"
"PHASE2_PROTOCOL_AMENDMENT_01.json","020C7B21FDB7256CCD913D59DBEA0F3630BAF20D8352951E4D3E23420B79560C","1325"
"PHASE2_PROTOCOL_LOCK.json","CD0FC7CB4366749513042B794FC54EC39E69806A291FE998E3B227543EC19203","2355"
"PROTOCOL_AMENDMENT_01.json","57EA22DC9178FD04C3159E29149698C52E913FEB630827F5E1FF950FE925D130","1774"
"PROTOCOL_AMENDMENT_02.json","635DC1A36ECB68CCC2344ED40B36009668121F93699A96FFD7C054902CFF782A","1830"
"PROTOCOL_LOCK.json","7C9858012B2F869533422348B871821FA3958F54F71961D58EF804E27C9BAB05","6844"
"scene15_tmc_native_gate.py","87780AFC2B7695B626DD535619AC90EC5328140E0F5E425DD83BD8D45FC75061","13983"
"scene15_tmc_phase2.py","9E355BFB4899CD5F0284E5452AA9CFE72A27696100ADD70782A22A731F6B9E80","7928"
"phase2_topology\bootstrap.csv","8294BD1CE5D6E13236611BE4FACDCCE9FAFB8C520F488389DC7EA99B8281F7C2","1762"
"phase2_topology\RESULTS.json","0DEBB14A5BD544FA7D096EB9CB903A8E02DA0BAE590420147C9E0248AD47AA50","3895"
"phase2_topology\verdict.json","554721D656EBFDD7BCB40FC13F93F9C0FD3EF43B36B5C4B8C5526B680C8F27A6","450"
