setting_id,language_pmax,dirichlet_kappa,quality_multiplier,conflict_multiplier,occlusion_strength,pair_id,records,dirichlet_projection_fallbacks,nested_naurc,registered_naurc,naurc_gain,ranking_preserved,nested_coverage,nested_wrong_all,nested_wrong_admitted,nested_correct_all,nested_clean_coverage,registered_coverage,registered_wrong_all,registered_wrong_admitted,registered_correct_all,registered_clean_coverage,copy_mass_max_abs_drift,unoccluded_clean_runtime_sha256,nested_clean_none_coverage,nested_clean_none_correct_all,nested_clean_none_wrong_all,nested_clean_partial_coverage,nested_clean_partial_correct_all,nested_clean_partial_wrong_all
10000,0.75,200.0,0.9135304350405932,0.8567985232919455,0.5,0,31200,0,0.11646352050856475,0.20874931655699827,0.09228579604843352,True,0.13115384615384615,0.0004487179487179487,0.003421309872922776,0.1307051282051282,0.90625,0.13137820512820514,0.011923076923076923,0.09075384240058551,0.1194551282051282,0.7129166666666666,1.4210854715202004e-14,1455819235185901a1cf5466d37bb68374a11e33542df7732cca9420dcd1331c,0.9383333333333334,0.9358333333333333,0.0025,0.8741666666666666,0.8683333333333333,0.005833333333333334
10000,0.75,200.0,0.9135304350405932,0.8567985232919455,1.0,0,31200,0,0.11591058051142054,0.20314232576779867,0.08723174525637813,True,0.1308974358974359,0.000608974358974359,0.00465230166503428,0.13028846153846155,0.8645833333333334,0.1308974358974359,0.010769230769230769,0.08227228207639568,0.12012820512820513,0.7533333333333333,1.4210854715202004e-14,1455819235185901a1cf5466d37bb68374a11e33542df7732cca9420dcd1331c,0.9691666666666666,0.9641666666666666,0.005,0.76,0.7541666666666667,0.005833333333333334
10000,0.75,200.0,0.9135304350405932,0.8567985232919455,1.5,0,31200,0,0.11263349226494357,0.21082759918114835,0.09819410691620478,True,0.13141025641025642,0.000576923076923077,0.004390243902439025,0.13083333333333333,0.8254166666666667,0.13125,0.01092948717948718,0.08327228327228327,0.12032051282051281,0.7416666666666667,1.4210854715202004e-14,1455819235185901a1cf5466d37bb68374a11e33542df7732cca9420dcd1331c,0.9891666666666666,0.9833333333333333,0.005833333333333334,0.6616666666666666,0.66,0.0016666666666666668
10001,0.9,50.0,1.0476385753601791,1.0848578069359065,0.5,1,31200,0,0.12093543019765392,0.2087537314144695,0.0878183012168156,True,0.13131410256410256,0.0001923076923076923,0.001464486209421528,0.13112179487179487,0.8945833333333333,0.13099358974358974,0.010480769230769231,0.08000978712992415,0.12051282051282051,0.7429166666666667,1.4210854715202004e-14,d566f5ef6fba6b64c822045a3e98f10af809412f2d8e05f48011bcb85d625a3d,0.9291666666666667,0.9283333333333333,0.0008333333333333334,0.86,0.86,0.0
10001,0.9,50.0,1.0476385753601791,1.0848578069359065,1.0,1,31200,0,0.12013163309235675,0.2094911652913705,0.08935953219901374,True,0.13105769230769232,0.0002564102564102564,0.0019564685742235266,0.13080128205128205,0.8479166666666667,0.13080128205128205,0.010320512820512821,0.07890222984562607,0.12048076923076922,0.7570833333333333,1.4210854715202004e-14,d566f5ef6fba6b64c822045a3e98f10af809412f2d8e05f48011bcb85d625a3d,0.9616666666666667,0.9608333333333333,0.0008333333333333334,0.7341666666666666,0.7341666666666666,0.0
10001,0.9,50.0,1.0476385753601791,1.0848578069359065,1.5,1,31200,0,0.1165015674212145,0.20832105569042708,0.09181948826921259,True,0.13118589743589743,0.00022435897435897436,0.0017102369899828977,0.13096153846153846,0.8016666666666666,0.13112179487179487,0.010416666666666666,0.07944267905157663,0.1207051282051282,0.76375,1.4210854715202004e-14,d566f5ef6fba6b64c822045a3e98f10af809412f2d8e05f48011bcb85d625a3d,0.9791666666666666,0.9783333333333334,0.0008333333333333334,0.6241666666666666,0.6241666666666666,0.0
10002,0.85,100.0,0.8489694517105818,0.9357298135757447,0.5,2,31200,0,0.11409386845146831,0.20134221496488067,0.08724834651341236,True,0.13134615384615383,9.615384615384615e-05,0.0007320644216691069,0.13125,0.9004166666666666,0.13096153846153846,0.010673076923076922,0.08149779735682819,0.12028846153846154,0.7533333333333333,1.4210854715202004e-14,07c3d0bfacdc16e1e25c0be71a54b6f21cb5924378a139e04cd62a376347b0ac,0.9275,0.9275,0.0,0.8733333333333333,0.8733333333333333,0.0
10002,0.85,100.0,0.8489694517105818,0.9357298135757447,1.0,2,31200,0,0.11323554829813551,0.19976955139828909,0.08653400310015358,True,0.13096153846153846,0.00022435897435897436,0.0017131669114047968,0.1307371794871795,0.8525,0.13118589743589743,0.010608974358974359,0.0808697776691913,0.12057692307692308,0.75875,1.4210854715202004e-14,07c3d0bfacdc16e1e25c0be71a54b6f21cb5924378a139e04cd62a376347b0ac,0.9591666666666666,0.9591666666666666,0.0,0.7458333333333333,0.7458333333333333,0.0
10002,0.85,100.0,0.8489694517105818,0.9357298135757447,1.5,2,31200,0,0.11140011322782624,0.2026113760280868,0.09121126280026055,True,0.13099358974358974,0.0002884615384615385,0.002202104232933692,0.1307051282051282,0.8141666666666667,0.13147435897435897,0.01064102564102564,0.08093612871769869,0.12083333333333333,0.7679166666666667,1.4210854715202004e-14,07c3d0bfacdc16e1e25c0be71a54b6f21cb5924378a139e04cd62a376347b0ac,0.9841666666666666,0.9841666666666666,0.0,0.6441666666666667,0.6441666666666667,0.0
10003,0.65,50.0,1.1148616451770068,1.1074904881417753,0.5,3,31200,0,0.18457814349744137,0.2751671475233986,0.09058900402595724,True,0.13076923076923078,0.009262820512820513,0.07083333333333333,0.12150641025641026,0.8895833333333333,0.1310897435897436,0.02548076923076923,0.19437652811735942,0.10560897435897436,0.5954166666666667,1.4210854715202004e-14,55f75fa8afa767f0cee42bdb47a30d8b548d6b7d8c96bc6bcbc70a907cc800a4,0.9366666666666666,0.8683333333333333,0.06833333333333333,0.8425,0.7741666666666667,0.06833333333333333
10003,0.65,50.0,1.1148616451770068,1.1074904881417753,1.0,3,31200,0,0.20887961567300858,0.26104675661823057,0.052167140945221985,True,0.13099358974358974,0.013237179487179488,0.1010521164668461,0.11775641025641026,0.8345833333333333,0.13131410256410256,0.020384615384615383,0.15523553819868197,0.11092948717948718,0.6670833333333334,1.4210854715202004e-14,55f75fa8afa767f0cee42bdb47a30d8b548d6b7d8c96bc6bcbc70a907cc800a4,0.9666666666666667,0.8841666666666667,0.0825,0.7025,0.62,0.0825
10003,0.65,50.0,1.1148616451770068,1.1074904881417753,1.5,3,31200,0,0.20681529590479128,0.27561941027846587,0.06880411437367459,True,0.13134615384615383,0.014583333333333334,0.11102977061981455,0.11676282051282051,0.7791666666666667,0.13102564102564102,0.021314102564102565,0.16267123287671234,0.10971153846153846,0.65375,1.4210854715202004e-14,55f75fa8afa767f0cee42bdb47a30d8b548d6b7d8c96bc6bcbc70a907cc800a4,0.9766666666666667,0.8866666666666667,0.09,0.5816666666666667,0.55,0.03166666666666667
10004,0.75,100.0,1.0938927218317986,1.1598761025816202,0.5,4,31200,0,0.12611572811067745,0.2215424676081563,0.09542673949747885,True,0.1307371794871795,0.0010897435897435897,0.008335376317724933,0.1296474358974359,0.8858333333333334,0.13118589743589743,0.013461538461538462,0.10261421939897386,0.11772435897435897,0.7066666666666667,1.4210854715202004e-14,0ce429a544cccbca7024442d3c4070739f5473cb08fe62c3a813463cb70db8f5,0.93,0.9183333333333333,0.011666666666666667,0.8416666666666667,0.835,0.006666666666666667
10004,0.75,100.0,1.0938927218317986,1.1598761025816202,1.0,4,31200,0,0.12653744528144897,0.21422701262096513,0.08768956733951616,True,0.13099358974358974,0.0016666666666666668,0.012723268901394667,0.1293269230769231,0.8370833333333333,0.13105769230769232,0.011378205128205128,0.08681829298116898,0.11967948717948718,0.7525,1.4210854715202004e-14,0ce429a544cccbca7024442d3c4070739f5473cb08fe62c3a813463cb70db8f5,0.9683333333333334,0.9508333333333333,0.0175,0.7058333333333333,0.7025,0.0033333333333333335
10004,0.75,100.0,1.0938927218317986,1.1598761025816202,1.5,4,31200,0,0.12204732594985182,0.21781205975295237,0.09576473380310055,True,0.13125,0.0016346153846153845,0.012454212454212455,0.1296153846153846,0.7791666666666667,0.1309294871794872,0.011987179487179487,0.09155446756425949,0.1189423076923077,0.7379166666666667,1.4210854715202004e-14,0ce429a544cccbca7024442d3c4070739f5473cb08fe62c3a813463cb70db8f5,0.9883333333333333,0.9666666666666667,0.021666666666666667,0.57,0.57,0.0
10005,0.9,50.0,0.9668131597340107,0.9816703107208014,0.5,5,31200,0,0.11831965645761867,0.2079817579549245,0.08966210149730582,True,0.13153846153846155,3.205128205128205e-05,0.00024366471734892786,0.13150641025641024,0.9045833333333333,0.1308974358974359,0.010608974358974359,0.08104799216454456,0.12028846153846154,0.75125,1.4210854715202004e-14,4ec3486835920917a826271cabda2b03cc64416bc7737eb5b96d5e214eaafeaa,0.94,0.94,0.0,0.8691666666666666,0.8691666666666666,0.0
10005,0.9,50.0,0.9668131597340107,0.9816703107208014,1.0,5,31200,0,0.11916746090946971,0.21095363856483274,0.09178617765536302,True,0.13099358974358974,9.615384615384615e-05,0.0007340347443112308,0.1308974358974359,0.8666666666666667,0.13102564102564102,0.010608974358974359,0.08096868884540118,0.12041666666666667,0.7729166666666667,1.4210854715202004e-14,4ec3486835920917a826271cabda2b03cc64416bc7737eb5b96d5e214eaafeaa,0.9683333333333334,0.9683333333333334,0.0,0.765,0.765,0.0
10005,0.9,50.0,0.9668131597340107,0.9816703107208014,1.5,5,31200,0,0.11533600304100419,0.20980867116816893,0.09447266812716473,True,0.13115384615384615,0.0001282051282051282,0.0009775171065493646,0.13102564102564102,0.8245833333333333,0.13137820512820514,0.010544871794871794,0.08026347889729202,0.12083333333333333,0.7845833333333333,1.4210854715202004e-14,4ec3486835920917a826271cabda2b03cc64416bc7737eb5b96d5e214eaafeaa,0.985,0.985,0.0,0.6641666666666667,0.6641666666666667,0.0
10006,0.95,200.0,1.1686070926487446,1.0325576417148115,0.5,6,31200,0,0.11454349220476286,0.19748779055417126,0.0829442983494084,True,0.13105769230769232,0.0,0.0,0.13105769230769232,0.8875,0.13099358974358974,0.010192307692307691,0.07780768289699046,0.12080128205128206,0.7566666666666667,1.4210854715202004e-14,5204e12626bda9a50f92333def73d096984cc3118bd2c4469d1aa7eed24b3abc,0.9283333333333333,0.9283333333333333,0.0,0.8466666666666667,0.8466666666666667,0.0
10006,0.95,200.0,1.1686070926487446,1.0325576417148115,1.0,6,31200,0,0.11284111720851465,0.19457903949339736,0.0817379222848827,True,0.1307051282051282,0.0,0.0,0.1307051282051282,0.84125,0.13115384615384615,0.01,0.07624633431085044,0.12115384615384615,0.7708333333333334,1.4210854715202004e-14,5204e12626bda9a50f92333def73d096984cc3118bd2c4469d1aa7eed24b3abc,0.965,0.965,0.0,0.7175,0.7175,0.0
10006,0.95,200.0,1.1686070926487446,1.0325576417148115,1.5,6,31200,0,0.11122654585110582,0.19349429354992503,0.08226774769881921,True,0.1316025641025641,0.0,0.0,0.1316025641025641,0.80375,0.13128205128205128,0.010128205128205128,0.0771484375,0.12115384615384615,0.77375,1.4210854715202004e-14,5204e12626bda9a50f92333def73d096984cc3118bd2c4469d1aa7eed24b3abc,0.99,0.99,0.0,0.6175,0.6175,0.0
10007,0.85,100.0,0.8956870838999749,0.8105528503656387,0.5,7,31200,0,0.1170716270552253,0.20623967390134676,0.08916804684612147,True,0.13096153846153846,0.0001923076923076923,0.0014684287812041115,0.13076923076923078,0.9045833333333333,0.13115384615384615,0.010769230769230769,0.08211143695014662,0.12038461538461538,0.74375,1.4210854715202004e-14,01833fc75f03d9881b857eb36ef5528f8d2c3931fe96aadeb193dfb9b734e087,0.94,0.9383333333333334,0.0016666666666666668,0.8691666666666666,0.8666666666666667,0.0025
10007,0.85,100.0,0.8956870838999749,0.8105528503656387,1.0,7,31200,0,0.11545438008731479,0.20331507518488245,0.08786069509756766,True,0.13112179487179487,0.0002564102564102564,0.001955512099731117,0.1308653846153846,0.8733333333333333,0.13134615384615383,0.010608974358974359,0.08077110785749146,0.12073717948717949,0.7629166666666667,1.4210854715202004e-14,01833fc75f03d9881b857eb36ef5528f8d2c3931fe96aadeb193dfb9b734e087,0.9683333333333334,0.9658333333333333,0.0025,0.7783333333333333,0.7758333333333334,0.0025
10007,0.85,100.0,0.8956870838999749,0.8105528503656387,1.5,7,31200,0,0.11197287611646635,0.20316565309773219,0.09119277698126584,True,0.1307051282051282,0.00022435897435897436,0.0017165277096615988,0.13048076923076923,0.8291666666666667,0.13099358974358974,0.01064102564102564,0.08123317837044287,0.1203525641025641,0.7541666666666667,1.4210854715202004e-14,01833fc75f03d9881b857eb36ef5528f8d2c3931fe96aadeb193dfb9b734e087,0.9883333333333333,0.9858333333333333,0.0025,0.67,0.67,0.0
10008,0.85,100.0,1.1853957023471595,0.9678999137133361,0.5,8,31200,0,0.12210622304310918,0.21243288361836943,0.09032666057526025,True,0.13105769230769232,0.0005128205128205128,0.003912937148447053,0.1305448717948718,0.8983333333333333,0.13096153846153846,0.01108974358974359,0.0846793930494371,0.11987179487179488,0.74375,1.4210854715202004e-14,d3ff6294dd1fc702d0cf47a02e8dc38018565356fe26ec51a57dc8c5b736ca60,0.9375,0.925,0.0125,0.8591666666666666,0.8591666666666666,0.0
10008,0.85,100.0,1.1853957023471595,0.9678999137133361,1.0,8,31200,0,0.12162718870238948,0.21059008865923895,0.08896289995684947,True,0.13134615384615383,0.0007692307692307692,0.005856515373352855,0.1305769230769231,0.8558333333333333,0.1308653846153846,0.010576923076923078,0.08082292432035268,0.12028846153846154,0.7595833333333334,1.4210854715202004e-14,d3ff6294dd1fc702d0cf47a02e8dc38018565356fe26ec51a57dc8c5b736ca60,0.9741666666666666,0.9575,0.016666666666666666,0.7375,0.7375,0.0
10008,0.85,100.0,1.1853957023471595,0.9678999137133361,1.5,8,31200,0,0.12081057529452402,0.21495624180591202,0.094145666511388,True,0.13150641025641024,0.0011217948717948717,0.008530343650987083,0.13038461538461538,0.8045833333333333,0.13105769230769232,0.010737179487179487,0.08192712154561017,0.12032051282051281,0.7620833333333333,1.4210854715202004e-14,d3ff6294dd1fc702d0cf47a02e8dc38018565356fe26ec51a57dc8c5b736ca60,0.99,0.97,0.02,0.6191666666666666,0.6191666666666666,0.0
10009,0.95,50.0,0.85070157982409,1.1896636027842762,0.5,9,31200,0,0.11589304492314234,0.2025691670046226,0.08667612208148026,True,0.13173076923076923,0.0001282051282051282,0.0009732360097323601,0.1316025641025641,0.8879166666666667,0.13080128205128205,0.01064102564102564,0.08135260965449645,0.1201602564102564,0.7520833333333333,1.4210854715202004e-14,6d883742c27d1eb188be4e48cb198c3661560defc90724f903ce3ef71c657a58,0.9266666666666666,0.9266666666666666,0.0,0.8491666666666666,0.8491666666666666,0.0
10009,0.95,50.0,0.85070157982409,1.1896636027842762,1.0,9,31200,0,0.1147533726146992,0.20134087386275482,0.08658750124805561,True,0.13115384615384615,0.0002884615384615385,0.0021994134897360706,0.1308653846153846,0.83125,0.1308974358974359,0.010608974358974359,0.08104799216454456,0.12028846153846154,0.7633333333333333,1.4210854715202004e-14,6d883742c27d1eb188be4e48cb198c3661560defc90724f903ce3ef71c657a58,0.9675,0.9666666666666667,0.0008333333333333334,0.695,0.695,0.0
10009,0.95,50.0,0.85070157982409,1.1896636027842762,1.5,9,31200,0,0.11248157499943058,0.20052093570454946,0.08803936070511888,True,0.13121794871794873,0.000641025641025641,0.004885197850512946,0.1305769230769231,0.7891666666666667,0.1314423076923077,0.010576923076923078,0.08046817849305048,0.12086538461538461,0.7808333333333334,1.4210854715202004e-14,6d883742c27d1eb188be4e48cb198c3661560defc90724f903ce3ef71c657a58,0.9883333333333333,0.9875,0.0008333333333333334,0.59,0.59,0.0
10010,0.9,200.0,1.0521045539528133,0.8405311450362206,0.5,10,31200,0,0.11454806363182807,0.1986355392513026,0.08408747561947452,True,0.13080128205128205,0.0,0.0,0.13080128205128205,0.8966666666666666,0.13125,0.010576923076923078,0.08058608058608059,0.12067307692307692,0.7608333333333334,1.4210854715202004e-14,bcf385c9e524a8d88692232518cfcc136fcc7959f96dbb0ead10281fd54cf6c2,0.9275,0.9275,0.0,0.8658333333333333,0.8658333333333333,0.0
10010,0.9,200.0,1.0521045539528133,0.8405311450362206,1.0,10,31200,0,0.11200560697262206,0.19421178445377021,0.08220617748114815,True,0.13099358974358974,0.0,0.0,0.13099358974358974,0.8604166666666667,0.13064102564102564,0.010544871794871794,0.08071638861629048,0.12009615384615385,0.7570833333333333,1.4210854715202004e-14,bcf385c9e524a8d88692232518cfcc136fcc7959f96dbb0ead10281fd54cf6c2,0.9633333333333334,0.9633333333333334,0.0,0.7575,0.7575,0.0
10010,0.9,200.0,1.0521045539528133,0.8405311450362206,1.5,10,31200,0,0.10942219251106068,0.18928317681789644,0.07986098430683576,True,0.13141025641025642,3.205128205128205e-05,0.00024390243902439024,0.13137820512820514,0.83,0.1310897435897436,0.010544871794871794,0.080440097799511,0.12054487179487179,0.76375,1.4210854715202004e-14,bcf385c9e524a8d88692232518cfcc136fcc7959f96dbb0ead10281fd54cf6c2,0.9875,0.9875,0.0,0.6725,0.6725,0.0
10011,0.65,50.0,0.9867982473224401,1.018593493849039,0.5,11,31200,0,0.1853210512360676,0.26439965661415415,0.07907860537808656,True,0.13128205128205128,0.010673076923076922,0.081298828125,0.12060897435897436,0.9095833333333333,0.1316025641025641,0.024326923076923076,0.18485143692157818,0.10727564102564102,0.62125,1.4210854715202004e-14,bcfedc2f8acbddee777e291d9ef685f341e30235903774c89ce579efb442f22e,0.9441666666666667,0.875,0.06916666666666667,0.875,0.7791666666666667,0.09583333333333334
10011,0.65,50.0,0.9867982473224401,1.018593493849039,1.0,11,31200,0,0.19735523600685584,0.24684350476208478,0.04948826875522894,True,0.13134615384615383,0.012564102564102564,0.0956564177647633,0.11878205128205128,0.86,0.13137820512820514,0.019102564102564102,0.14540131739448647,0.11227564102564103,0.69625,1.4210854715202004e-14,bcfedc2f8acbddee777e291d9ef685f341e30235903774c89ce579efb442f22e,0.975,0.8916666666666667,0.08333333333333333,0.745,0.6575,0.0875
10011,0.65,50.0,0.9867982473224401,1.018593493849039,1.5,11,31200,0,0.19236893262775437,0.26227083350032526,0.0699019008725709,True,0.13105769230769232,0.013141025641025641,0.10026901442895574,0.11791666666666667,0.8020833333333334,0.13153846153846155,0.02028846153846154,0.15423976608187134,0.11125,0.6808333333333333,1.4210854715202004e-14,bcfedc2f8acbddee777e291d9ef685f341e30235903774c89ce579efb442f22e,0.9891666666666666,0.8966666666666666,0.0925,0.615,0.5675,0.0475
10012,0.65,200.0,0.8032747976481915,1.064840691164136,0.5,12,31200,0,0.14116102549247037,0.24124314377261125,0.10008211828014088,True,0.13102564102564102,0.004358974358974359,0.033268101761252444,0.12666666666666668,0.8979166666666667,0.13137820512820514,0.017435897435897435,0.13271529641375945,0.11394230769230769,0.67,1.4210854715202004e-14,f6358e5ac8a6409accb9ae73bdd15734b455a8d6b898b0851f95cef9018a49db,0.9375,0.9083333333333333,0.029166666666666667,0.8583333333333333,0.8216666666666667,0.03666666666666667
10012,0.65,200.0,0.8032747976481915,1.064840691164136,1.0,12,31200,0,0.14352893132631528,0.2227329669195657,0.07920403559325043,True,0.1308653846153846,0.005256410256410256,0.040166544207690426,0.12560897435897436,0.84625,0.13134615384615383,0.01217948717948718,0.09272816007808687,0.11916666666666667,0.7445833333333334,1.4210854715202004e-14,f6358e5ac8a6409accb9ae73bdd15734b455a8d6b898b0851f95cef9018a49db,0.9733333333333334,0.9391666666666667,0.034166666666666665,0.7191666666666666,0.6925,0.02666666666666667
10012,0.65,200.0,0.8032747976481915,1.064840691164136,1.5,12,31200,0,0.13970330484035148,0.23122970902337703,0.09152640418302554,True,0.13118589743589743,0.0056410256410256415,0.043000244319569995,0.12554487179487178,0.79125,0.1310897435897436,0.013076923076923076,0.09975550122249388,0.11801282051282051,0.7258333333333333,1.4210854715202004e-14,f6358e5ac8a6409accb9ae73bdd15734b455a8d6b898b0851f95cef9018a49db,0.9925,0.9541666666666667,0.03833333333333333,0.59,0.5775,0.0125
10013,0.85,100.0,1.1325028359889986,0.892832837626338,0.5,13,31200,0,0.11901193264786424,0.21216520707164668,0.09315327442378245,True,0.13121794871794873,3.205128205128205e-05,0.0002442598925256473,0.13118589743589743,0.8945833333333333,0.1310897435897436,0.010865384615384615,0.08288508557457212,0.12022435897435897,0.7279166666666667,1.4210854715202004e-14,43b394a63294fdf08db16dfbc123879a0862e2b20976100f49531ad4920f9127,0.9283333333333333,0.9275,0.0008333333333333334,0.8608333333333333,0.8608333333333333,0.0
10013,0.85,100.0,1.1325028359889986,0.892832837626338,1.0,13,31200,0,0.11921941733306174,0.21332925862429536,0.09410984129123362,True,0.13099358974358974,3.205128205128205e-05,0.00024467824810374357,0.13096153846153846,0.8579166666666667,0.13102564102564102,0.010608974358974359,0.08096868884540118,0.12041666666666667,0.7495833333333334,1.4210854715202004e-14,43b394a63294fdf08db16dfbc123879a0862e2b20976100f49531ad4920f9127,0.9691666666666666,0.9683333333333334,0.0008333333333333334,0.7466666666666667,0.7466666666666667,0.0
10013,0.85,100.0,1.1325028359889986,0.892832837626338,1.5,13,31200,0,0.11635864658714183,0.21317818702551852,0.09681954043837669,True,0.13141025641025642,3.205128205128205e-05,0.00024390243902439024,0.13137820512820514,0.8183333333333334,0.1308653846153846,0.010608974358974359,0.0810678422728386,0.12025641025641026,0.74375,1.4210854715202004e-14,43b394a63294fdf08db16dfbc123879a0862e2b20976100f49531ad4920f9127,0.9891666666666666,0.9883333333333333,0.0008333333333333334,0.6475,0.6475,0.0
10014,0.95,200.0,0.9342254340648651,1.1437215812504293,0.5,14,31200,0,0.11193890266041058,0.19106354090470615,0.07912463824429557,True,0.13099358974358974,0.0,0.0,0.13099358974358974,0.8808333333333334,0.13112179487179487,0.010544871794871794,0.08042043510144219,0.12057692307692308,0.75625,1.4210854715202004e-14,d8bee25a0251a0913c5c6b979fee432919376e89de88de976cce6575b50d5e27,0.9258333333333333,0.9258333333333333,0.0,0.8358333333333333,0.8358333333333333,0.0
10014,0.95,200.0,0.9342254340648651,1.1437215812504293,1.0,14,31200,0,0.10921828890035551,0.18691203664307063,0.07769374774271512,True,0.13105769230769232,3.205128205128205e-05,0.00024455857177794083,0.13102564102564102,0.84,0.13118589743589743,0.01044871794871795,0.07964817981920352,0.12073717948717949,0.76375,1.4210854715202004e-14,d8bee25a0251a0913c5c6b979fee432919376e89de88de976cce6575b50d5e27,0.9658333333333333,0.9658333333333333,0.0,0.7141666666666666,0.7141666666666666,0.0
10014,0.95,200.0,0.9342254340648651,1.1437215812504293,1.5,14,31200,0,0.10626822868002127,0.18206108044291514,0.07579285176289387,True,0.13115384615384615,9.615384615384615e-05,0.0007331378299120235,0.13105769230769232,0.7920833333333334,0.13118589743589743,0.010576923076923078,0.08062545809919375,0.12060897435897436,0.7741666666666667,1.4210854715202004e-14,d8bee25a0251a0913c5c6b979fee432919376e89de88de976cce6575b50d5e27,0.9891666666666666,0.9891666666666666,0.0,0.595,0.595,0.0
10015,0.75,50.0,1.0049970619380475,0.9155127719044686,0.5,15,31200,0,0.1415247867830559,0.24089794470873901,0.0993731579256831,True,0.13141025641025642,0.003141025641025641,0.023902439024390244,0.12826923076923077,0.895,0.13118589743589743,0.015416666666666667,0.11751771316882482,0.11576923076923076,0.6770833333333334,1.4210854715202004e-14,f1deb1585a802858ef8da7363e189d43594820460ae0b0aae29cbfb10067c8ab,0.9308333333333333,0.9208333333333333,0.01,0.8591666666666666,0.8341666666666666,0.025
10015,0.75,50.0,1.0049970619380475,0.9155127719044686,1.0,15,31200,0,0.14493149200578115,0.23358035647659633,0.08864886447081519,True,0.13163461538461538,0.003685897435897436,0.02800097394691989,0.12794871794871795,0.8533333333333334,0.13112179487179487,0.0125,0.09533121486189196,0.11862179487179488,0.7225,1.4210854715202004e-14,f1deb1585a802858ef8da7363e189d43594820460ae0b0aae29cbfb10067c8ab,0.9633333333333334,0.9508333333333333,0.0125,0.7433333333333333,0.72,0.023333333333333334
10015,0.75,50.0,1.0049970619380475,0.9155127719044686,1.5,15,31200,0,0.136593091331287,0.24247382685807659,0.10588073552678959,True,0.13134615384615383,0.0027564102564102562,0.020985846754514398,0.1285897435897436,0.8091666666666667,0.13115384615384615,0.013974358974358975,0.10654936461388075,0.11717948717948717,0.7179166666666666,1.4210854715202004e-14,f1deb1585a802858ef8da7363e189d43594820460ae0b0aae29cbfb10067c8ab,0.98,0.9641666666666666,0.015833333333333335,0.6383333333333333,0.6333333333333333,0.005
10016,0.75,200.0,0.8692916855216026,1.0377750277519227,0.5,16,31200,0,0.11707851390028938,0.2114066629171338,0.09432814901684443,True,0.13076923076923078,0.0003525641025641026,0.002696078431372549,0.13041666666666665,0.8945833333333333,0.13141025641025642,0.011282051282051283,0.08585365853658537,0.12012820512820513,0.7208333333333333,1.4210854715202004e-14,a9da24a10da93eee6836eaeab48d4de1ad0065b6bb9c97fde71a20c7454dc263,0.9366666666666666,0.9291666666666667,0.0075,0.8525,0.8516666666666667,0.0008333333333333334
10016,0.75,200.0,0.8692916855216026,1.0377750277519227,1.0,16,31200,0,0.11607695152077392,0.20225134633669808,0.08617439481592416,True,0.13080128205128205,0.0005448717948717948,0.004165645675079637,0.13025641025641024,0.8454166666666667,0.13118589743589743,0.01064102564102564,0.08111409723918886,0.12054487179487179,0.7608333333333334,1.4210854715202004e-14,a9da24a10da93eee6836eaeab48d4de1ad0065b6bb9c97fde71a20c7454dc263,0.97,0.9625,0.0075,0.7208333333333333,0.7208333333333333,0.0
10016,0.75,200.0,0.8692916855216026,1.0377750277519227,1.5,16,31200,0,0.11401244841099847,0.204934095835452,0.09092164742445352,True,0.13083333333333333,0.0008333333333333334,0.006369426751592357,0.13,0.8020833333333334,0.13128205128205128,0.010897435897435897,0.0830078125,0.12038461538461538,0.7425,1.4210854715202004e-14,a9da24a10da93eee6836eaeab48d4de1ad0065b6bb9c97fde71a20c7454dc263,0.9925,0.9825,0.01,0.6116666666666667,0.6116666666666667,0.0
10017,0.95,50.0,1.19148842766881,0.8159899555146695,0.5,17,31200,0,0.12529977760214378,0.21187168070705756,0.08657190310491378,True,0.13134615384615383,0.0004487179487179487,0.003416300634455832,0.1308974358974359,0.9033333333333333,0.13131410256410256,0.010096153846153847,0.07688552599463022,0.12121794871794872,0.7633333333333333,1.4210854715202004e-14,0006824f086b55ba8423dfe9f6f57d1e7d5d327ef19ef65fc10b7e76ec6cbeeb,0.9291666666666667,0.9291666666666667,0.0,0.8775,0.8733333333333333,0.004166666666666667
10017,0.95,50.0,1.19148842766881,0.8159899555146695,1.0,17,31200,0,0.12502495561398763,0.21233130279869708,0.08730634718470945,True,0.13128205128205128,0.0005128205128205128,0.00390625,0.13076923076923078,0.8704166666666666,0.13115384615384615,0.00983974358974359,0.07502443792766374,0.12131410256410256,0.7666666666666667,1.4210854715202004e-14,0006824f086b55ba8423dfe9f6f57d1e7d5d327ef19ef65fc10b7e76ec6cbeeb,0.9591666666666666,0.9591666666666666,0.0,0.7816666666666666,0.78,0.0016666666666666668
10017,0.95,50.0,1.19148842766881,0.8159899555146695,1.5,17,31200,0,0.12116402479732649,0.21258270768318982,0.09141868288586333,True,0.13118589743589743,0.0002884615384615385,0.002198876129978011,0.1308974358974359,0.8320833333333333,0.13112179487179487,0.009967948717948719,0.07602053287704717,0.12115384615384615,0.7691666666666667,1.4210854715202004e-14,0006824f086b55ba8423dfe9f6f57d1e7d5d327ef19ef65fc10b7e76ec6cbeeb,0.9841666666666666,0.9841666666666666,0.0,0.68,0.68,0.0
10018,0.85,200.0,0.9932085938751698,1.1666574534028769,0.5,18,31200,0,0.11520936922718172,0.20061150698829153,0.0854021377611098,True,0.13153846153846155,0.0,0.0,0.13153846153846155,0.8979166666666667,0.13102564102564102,0.010608974358974359,0.08096868884540118,0.12041666666666667,0.7625,1.4210854715202004e-14,33f3280927765fbb7a11e5e0f44f56728391557ea3226ba80dfcd1f707bd5099,0.9408333333333333,0.9408333333333333,0.0,0.855,0.855,0.0
10018,0.85,200.0,0.9932085938751698,1.1666574534028769,1.0,18,31200,0,0.11240129780214825,0.19586251083387132,0.08346121303172307,True,0.13125,0.0,0.0,0.13125,0.8416666666666667,0.13102564102564102,0.010608974358974359,0.08096868884540118,0.12041666666666667,0.7679166666666667,1.4210854715202004e-14,33f3280927765fbb7a11e5e0f44f56728391557ea3226ba80dfcd1f707bd5099,0.975,0.975,0.0,0.7083333333333334,0.7083333333333334,0.0
10018,0.85,200.0,0.9932085938751698,1.1666574534028769,1.5,18,31200,0,0.10996703858278761,0.19506333562756675,0.08509629704477914,True,0.1310897435897436,0.0,0.0,0.1310897435897436,0.7908333333333334,0.13134615384615383,0.010608974358974359,0.08077110785749146,0.12073717948717949,0.7758333333333334,1.4210854715202004e-14,33f3280927765fbb7a11e5e0f44f56728391557ea3226ba80dfcd1f707bd5099,0.995,0.995,0.0,0.5866666666666667,0.5866666666666667,0.0
10019,0.65,100.0,1.0710114225745202,0.9886714193969965,0.5,19,31200,0,0.16246767902399298,0.25999131913961887,0.09752364011562589,True,0.13112179487179487,0.006730769230769231,0.05133219261794182,0.12439102564102564,0.9054166666666666,0.13105769230769232,0.021314102564102565,0.16263145023233064,0.10974358974358975,0.6458333333333334,1.4210854715202004e-14,42ae109c1135568788fc0bd7a74984a9796330917eb8f8d1a8af478496a91ed0,0.9375,0.8875,0.05,0.8733333333333333,0.8366666666666667,0.03666666666666667
10019,0.65,100.0,1.0710114225745202,0.9886714193969965,1.0,19,31200,0,0.1714154470258422,0.24369223418885527,0.07227678716301308,True,0.13099358974358974,0.008525641025641026,0.0650844139955958,0.12246794871794872,0.85,0.13141025641025642,0.01580128205128205,0.12024390243902439,0.11560897435897435,0.715,1.4210854715202004e-14,42ae109c1135568788fc0bd7a74984a9796330917eb8f8d1a8af478496a91ed0,0.9691666666666666,0.91,0.059166666666666666,0.7308333333333333,0.6816666666666666,0.049166666666666664
10019,0.65,100.0,1.0710114225745202,0.9886714193969965,1.5,19,31200,0,0.16606038865594544,0.2538353308621239,0.08777494220617846,True,0.13112179487179487,0.00858974358974359,0.06550965534099243,0.12253205128205129,0.80125,0.13102564102564102,0.017564102564102565,0.13405088062622308,0.11346153846153846,0.6966666666666667,1.4210854715202004e-14,42ae109c1135568788fc0bd7a74984a9796330917eb8f8d1a8af478496a91ed0,0.9875,0.92,0.0675,0.615,0.58,0.035
10020,0.65,200.0,1.1389102537184954,0.940861725062132,0.5,20,31200,0,0.15971774357709836,0.25529558381975,0.09557784024265162,True,0.13080128205128205,0.007083333333333333,0.054153393776035286,0.12371794871794872,0.9,0.13105769230769232,0.02076923076923077,0.15847395451210564,0.11028846153846154,0.6441666666666667,1.4210854715202004e-14,d5fb667b5422cbbee1aa7f378f5bbef9df29891329b37f76f959b7f6fc6a22af,0.9416666666666667,0.8791666666666667,0.0625,0.8583333333333333,0.8075,0.050833333333333335
10020,0.65,200.0,1.1389102537184954,0.940861725062132,1.0,20,31200,0,0.16577528151407922,0.23447426346539924,0.06869898195132002,True,0.13099358974358974,0.008653846153846154,0.06606312698801077,0.12233974358974359,0.85125,0.13112179487179487,0.014615384615384615,0.11146418968467367,0.11650641025641026,0.7104166666666667,1.4210854715202004e-14,d5fb667b5422cbbee1aa7f378f5bbef9df29891329b37f76f959b7f6fc6a22af,0.9791666666666666,0.9033333333333333,0.07583333333333334,0.7233333333333334,0.67,0.05333333333333334
10020,0.65,200.0,1.1389102537184954,0.940861725062132,1.5,20,31200,0,0.17076345036467255,0.2470075106699803,0.07624406030530775,True,0.13118589743589743,0.01,0.07622770583923773,0.12118589743589743,0.8008333333333333,0.13099358974358974,0.01580128205128205,0.12062637631514558,0.11519230769230769,0.6991666666666667,1.4210854715202004e-14,d5fb667b5422cbbee1aa7f378f5bbef9df29891329b37f76f959b7f6fc6a22af,0.995,0.9125,0.0825,0.6066666666666667,0.5683333333333334,0.03833333333333333
10021,0.9,100.0,0.822184930369258,1.1127932578325272,0.5,21,31200,0,0.112822472271825,0.1948915489591636,0.08206907668733861,True,0.1308653846153846,0.00016025641025641026,0.0012245897624295861,0.1307051282051282,0.8883333333333333,0.13105769230769232,0.010608974358974359,0.08094888725849841,0.12044871794871795,0.7491666666666666,1.4210854715202004e-14,db249e67132253f40787777aec2035c9eba113bad70ac2c74c39cecf31faa936,0.93,0.93,0.0,0.8466666666666667,0.8466666666666667,0.0
10021,0.9,100.0,0.822184930369258,1.1127932578325272,1.0,21,31200,0,0.11180460033782358,0.19389743147004435,0.08209283113222077,True,0.13125,0.0002564102564102564,0.0019536019536019536,0.13099358974358974,0.84875,0.13112179487179487,0.010608974358974359,0.08090931312637496,0.12051282051282051,0.765,1.4210854715202004e-14,db249e67132253f40787777aec2035c9eba113bad70ac2c74c39cecf31faa936,0.9716666666666667,0.9716666666666667,0.0,0.7258333333333333,0.7258333333333333,0.0
10021,0.9,100.0,0.822184930369258,1.1127932578325272,1.5,21,31200,0,0.10984315325482562,0.191449348778623,0.08160619552379737,True,0.1310897435897436,0.0005128205128205128,0.003911980440097799,0.1305769230769231,0.7979166666666667,0.13112179487179487,0.010608974358974359,0.08090931312637496,0.12051282051282051,0.775,1.4210854715202004e-14,db249e67132253f40787777aec2035c9eba113bad70ac2c74c39cecf31faa936,0.9908333333333333,0.9908333333333333,0.0,0.605,0.605,0.0
10022,0.95,100.0,1.0235899548977614,0.8634944740682841,0.5,22,31200,0,0.11345946448821177,0.19516124497408444,0.08170178048587266,True,0.13157051282051282,0.0,0.0,0.13157051282051282,0.8920833333333333,0.13128205128205128,0.01044871794871795,0.07958984375,0.12083333333333333,0.7504166666666666,1.4210854715202004e-14,03b76cb5a8d562a640a4572392a913dbf412daf056f82e8682587015f25e9421,0.9216666666666666,0.9216666666666666,0.0,0.8625,0.8625,0.0
10022,0.95,100.0,1.0235899548977614,0.8634944740682841,1.0,22,31200,0,0.11198072557739973,0.19386117557847551,0.08188045000107579,True,0.13137820512820514,0.0,0.0,0.13137820512820514,0.8629166666666667,0.13121794871794873,0.010192307692307691,0.07767464582315584,0.12102564102564102,0.7675,1.4210854715202004e-14,03b76cb5a8d562a640a4572392a913dbf412daf056f82e8682587015f25e9421,0.9575,0.9575,0.0,0.7683333333333333,0.7683333333333333,0.0
10022,0.95,100.0,1.0235899548977614,0.8634944740682841,1.5,22,31200,0,0.10991540930459359,0.193907721687332,0.08399231238273841,True,0.13157051282051282,3.205128205128205e-05,0.000243605359317905,0.13153846153846155,0.8316666666666667,0.13115384615384615,0.010288461538461538,0.07844574780058651,0.12086538461538461,0.76625,1.4210854715202004e-14,03b76cb5a8d562a640a4572392a913dbf412daf056f82e8682587015f25e9421,0.9841666666666666,0.9841666666666666,0.0,0.6791666666666667,0.6791666666666667,0.0
10023,0.85,50.0,0.9403149444609881,1.0917246725410223,0.5,23,31200,0,0.11823763552688751,0.20810362320138567,0.08986598767449816,True,0.1307371794871795,0.0002564102564102564,0.001961265015935278,0.13048076923076923,0.8875,0.13121794871794873,0.010865384615384615,0.08280410356619443,0.1203525641025641,0.7470833333333333,1.4210854715202004e-14,42d093d78529d9da035e68efb0e4b580d4c915270584282ea543a9c88a8925cd,0.9175,0.9175,0.0,0.8575,0.8533333333333334,0.004166666666666667
10023,0.85,50.0,0.9403149444609881,1.0917246725410223,1.0,23,31200,0,0.1172023684541879,0.2057865434718442,0.0885841750176563,True,0.1310897435897436,0.0003205128205128205,0.0024449877750611247,0.13076923076923078,0.8429166666666666,0.13118589743589743,0.01064102564102564,0.08111409723918886,0.12054487179487179,0.7658333333333334,1.4210854715202004e-14,42d093d78529d9da035e68efb0e4b580d4c915270584282ea543a9c88a8925cd,0.955,0.955,0.0,0.7308333333333333,0.7291666666666666,0.0016666666666666668
10023,0.85,50.0,0.9403149444609881,1.0917246725410223,1.5,23,31200,0,0.11467926622101135,0.2083198461304953,0.09364057990948396,True,0.13102564102564102,0.0004166666666666667,0.0031800391389432484,0.13060897435897437,0.7954166666666667,0.13099358974358974,0.010608974358974359,0.08098850012233913,0.12038461538461538,0.7670833333333333,1.4210854715202004e-14,42d093d78529d9da035e68efb0e4b580d4c915270584282ea543a9c88a8925cd,0.9783333333333334,0.9766666666666667,0.0016666666666666668,0.6125,0.6125,0.0
10024,0.85,200.0,1.0286580853164198,1.1359400257468224,0.5,24,31200,0,0.11601002168896064,0.20217145413291474,0.08616143244395409,True,0.13118589743589743,0.0,0.0,0.13118589743589743,0.8829166666666667,0.13118589743589743,0.010608974358974359,0.0808697776691913,0.12057692307692308,0.745,1.4210854715202004e-14,ec6616b14892ccc3a992965db89eebfa58c3044de4bbfd8794c001c593b349c5,0.9316666666666666,0.9316666666666666,0.0,0.8341666666666666,0.8341666666666666,0.0
10024,0.85,200.0,1.0286580853164198,1.1359400257468224,1.0,24,31200,0,0.11340447801001152,0.19771824356241272,0.0843137655524012,True,0.13105769230769232,0.0,0.0,0.13105769230769232,0.8395833333333333,0.13080128205128205,0.010608974358974359,0.08110757167360941,0.1201923076923077,0.7591666666666667,1.4210854715202004e-14,ec6616b14892ccc3a992965db89eebfa58c3044de4bbfd8794c001c593b349c5,0.97,0.97,0.0,0.7091666666666666,0.7091666666666666,0.0
10024,0.85,200.0,1.0286580853164198,1.1359400257468224,1.5,24,31200,0,0.1109601110705674,0.19534964995801105,0.08438953888744365,True,0.13134615384615383,6.41025641025641e-05,0.0004880429477794046,0.13128205128205128,0.79125,0.13134615384615383,0.010608974358974359,0.08077110785749146,0.12073717948717949,0.76875,1.4210854715202004e-14,ec6616b14892ccc3a992965db89eebfa58c3044de4bbfd8794c001c593b349c5,0.9925,0.9916666666666667,0.0008333333333333334,0.59,0.59,0.0
10025,0.95,100.0,0.9070472240447999,0.9079509057104588,0.5,25,31200,0,0.11474897993521209,0.1945528012472077,0.0798038213119956,True,0.13147435897435897,0.0,0.0,0.13147435897435897,0.8933333333333333,0.13118589743589743,0.010544871794871794,0.08038113852919619,0.12064102564102563,0.7445833333333334,1.4210854715202004e-14,296d180accf572aaee6b19d14a4914f545be7a5177f1b1a1023f7ee2e4b58910,0.925,0.925,0.0,0.8616666666666667,0.8616666666666667,0.0
10025,0.95,100.0,0.9070472240447999,0.9079509057104588,1.0,25,31200,0,0.1140106711307179,0.195165240880124,0.08115456974940609,True,0.13134615384615383,3.205128205128205e-05,0.0002440214738897023,0.13131410256410256,0.8566666666666667,0.13112179487179487,0.010416666666666666,0.07944267905157663,0.1207051282051282,0.76,1.4210854715202004e-14,296d180accf572aaee6b19d14a4914f545be7a5177f1b1a1023f7ee2e4b58910,0.9566666666666667,0.9566666666666667,0.0,0.7566666666666667,0.7566666666666667,0.0
10025,0.95,100.0,0.9070472240447999,0.9079509057104588,1.5,25,31200,0,0.11096102457791966,0.1931183285880763,0.08215730401015663,True,0.13131410256410256,0.0001282051282051282,0.000976324139614352,0.13118589743589743,0.8166666666666667,0.13118589743589743,0.010544871794871794,0.08038113852919619,0.12064102564102563,0.7654166666666666,1.4210854715202004e-14,296d180accf572aaee6b19d14a4914f545be7a5177f1b1a1023f7ee2e4b58910,0.9775,0.9775,0.0,0.6558333333333334,0.6558333333333334,0.0
10026,0.9,100.0,1.1088417768478394,1.0586200308054687,0.5,26,31200,0,0.1176964805946302,0.20502514776515726,0.08732866717052706,True,0.13157051282051282,3.205128205128205e-05,0.000243605359317905,0.13153846153846155,0.8970833333333333,0.1307051282051282,0.010512820512820513,0.08043158410985778,0.1201923076923077,0.7591666666666667,1.4210854715202004e-14,43ea3e197e9467302837b0960704e6400e75bb6b785f98f835d10f642a14bb30,0.9483333333333334,0.9475,0.0008333333333333334,0.8458333333333333,0.8458333333333333,0.0
10026,0.9,100.0,1.1088417768478394,1.0586200308054687,1.0,26,31200,0,0.11715657204098656,0.20590746717585914,0.08875089513487258,True,0.13121794871794873,3.205128205128205e-05,0.0002442598925256473,0.13118589743589743,0.8533333333333334,0.1308653846153846,0.01044871794871795,0.07984325251040901,0.12041666666666667,0.7641666666666667,1.4210854715202004e-14,43ea3e197e9467302837b0960704e6400e75bb6b785f98f835d10f642a14bb30,0.9791666666666666,0.9783333333333334,0.0008333333333333334,0.7275,0.7275,0.0
10026,0.9,100.0,1.1088417768478394,1.0586200308054687,1.5,26,31200,0,0.11466754944970783,0.20290959819192136,0.08824204874221353,True,0.13134615384615383,6.41025641025641e-05,0.0004880429477794046,0.13128205128205128,0.80375,0.13105769230769232,0.010512820512820513,0.08021521154316459,0.12054487179487179,0.7708333333333334,1.4210854715202004e-14,43ea3e197e9467302837b0960704e6400e75bb6b785f98f835d10f642a14bb30,0.9941666666666666,0.9933333333333333,0.0008333333333333334,0.6133333333333333,0.6133333333333333,0.0
10027,0.75,50.0,0.83045297190547,0.8868319172412158,0.5,27,31200,0,0.13093001665486037,0.23469157039638405,0.10376155374152368,True,0.1309294871794872,0.002564102564102564,0.019583843329253364,0.1283653846153846,0.8954166666666666,0.1310897435897436,0.017275641025641025,0.13178484107579463,0.11381410256410257,0.6820833333333334,1.4210854715202004e-14,cd424e779a657a80a739c2c661c005ad37cfff31062966929cb40ca7d91e5e9e,0.93,0.9091666666666667,0.020833333333333332,0.8608333333333333,0.8525,0.008333333333333333
10027,0.75,50.0,0.83045297190547,0.8868319172412158,1.0,27,31200,0,0.1380427148384493,0.2234377647484905,0.08539504991004121,True,0.13112179487179487,0.004391025641025641,0.03348814470789538,0.12673076923076923,0.8679166666666667,0.13131410256410256,0.013365384615384616,0.10178179155479619,0.11794871794871795,0.7425,1.4210854715202004e-14,cd424e779a657a80a739c2c661c005ad37cfff31062966929cb40ca7d91e5e9e,0.9583333333333334,0.9341666666666667,0.024166666666666666,0.7775,0.7566666666666667,0.020833333333333332
10027,0.75,50.0,0.83045297190547,0.8868319172412158,1.5,27,31200,0,0.1305122224800447,0.23686821677322606,0.10635599429318135,True,0.13121794871794873,0.0033974358974358976,0.025891548607718612,0.12782051282051282,0.8245833333333333,0.13112179487179487,0.01483974358974359,0.1131752627719384,0.11628205128205128,0.7208333333333333,1.4210854715202004e-14,cd424e779a657a80a739c2c661c005ad37cfff31062966929cb40ca7d91e5e9e,0.9758333333333333,0.9491666666666667,0.02666666666666667,0.6733333333333333,0.6708333333333333,0.0025
10028,0.65,100.0,0.9607965137809515,0.8328837998211385,0.5,28,31200,0,0.15665966865113218,0.25612052643336297,0.0994608577822308,True,0.1310897435897436,0.006217948717948718,0.04743276283618582,0.12487179487179487,0.9091666666666667,0.13128205128205128,0.0208974358974359,0.1591796875,0.11038461538461539,0.635,1.4210854715202004e-14,670c59b8b8eb1fe8fda553cc4f15a65118b8f77681c59429e655a82748b2787b,0.9441666666666667,0.9041666666666667,0.04,0.8741666666666666,0.8133333333333334,0.060833333333333336
10028,0.65,100.0,0.9607965137809515,0.8328837998211385,1.0,28,31200,0,0.16966810790728806,0.2389371070798722,0.06926899917258414,True,0.1307051282051282,0.008237179487179487,0.06302108876900442,0.12246794871794872,0.8645833333333334,0.13102564102564102,0.015224358974358974,0.11619373776908024,0.11580128205128205,0.7083333333333334,1.4210854715202004e-14,670c59b8b8eb1fe8fda553cc4f15a65118b8f77681c59429e655a82748b2787b,0.9716666666666667,0.9266666666666666,0.045,0.7575,0.6891666666666667,0.06833333333333333
10028,0.65,100.0,0.9607965137809515,0.8328837998211385,1.5,28,31200,0,0.16361505410535004,0.254266925977054,0.09065187187170398,True,0.13064102564102564,0.007916666666666667,0.06059862610402355,0.12272435897435897,0.8220833333333334,0.13099358974358974,0.01673076923076923,0.12772204551015415,0.11426282051282051,0.6958333333333333,1.4210854715202004e-14,670c59b8b8eb1fe8fda553cc4f15a65118b8f77681c59429e655a82748b2787b,0.9891666666666666,0.9366666666666666,0.0525,0.655,0.6258333333333334,0.029166666666666667
10029,0.85,50.0,1.075373450294137,1.0111170366406441,0.5,29,31200,0,0.12091197701162952,0.2194902961371838,0.09857831912555427,True,0.13105769230769232,0.0004166666666666667,0.0031792614331132307,0.13064102564102564,0.89875,0.13115384615384615,0.011891025641025642,0.09066471163245357,0.11926282051282051,0.7333333333333333,1.4210854715202004e-14,c2c980b979d7cbf8d68ab3b913bbff7a3d13599772dc697b8b62d2a169ab3722,0.9341666666666667,0.9333333333333333,0.0008333333333333334,0.8633333333333333,0.855,0.008333333333333333
10029,0.85,50.0,1.075373450294137,1.0111170366406441,1.0,29,31200,0,0.11973878125497414,0.21933454075339323,0.09959575949841909,True,0.13121794871794873,0.0001923076923076923,0.0014655593551538837,0.13102564102564102,0.8516666666666667,0.13118589743589743,0.010993589743589743,0.08380161250916199,0.1201923076923077,0.755,1.4210854715202004e-14,c2c980b979d7cbf8d68ab3b913bbff7a3d13599772dc697b8b62d2a169ab3722,0.9625,0.9608333333333333,0.0016666666666666668,0.7408333333333333,0.7391666666666666,0.0016666666666666668
10029,0.85,50.0,1.075373450294137,1.0111170366406441,1.5,29,31200,0,0.1180548406123066,0.2243440814089114,0.1062892407966048,True,0.13128205128205128,0.0001923076923076923,0.00146484375,0.1310897435897436,0.80375,0.13115384615384615,0.011185897435897436,0.08528836754643206,0.11996794871794872,0.76625,1.4210854715202004e-14,c2c980b979d7cbf8d68ab3b913bbff7a3d13599772dc697b8b62d2a169ab3722,0.98,0.9783333333333334,0.0016666666666666668,0.6275,0.6275,0.0
10030,0.95,200.0,0.8767033252865076,0.9618135739117861,0.5,30,31200,0,0.11103930476944227,0.18831082297765692,0.07727151820821465,True,0.13134615384615383,3.205128205128205e-05,0.0002440214738897023,0.13131410256410256,0.8945833333333333,0.13115384615384615,0.010608974358974359,0.08088954056695992,0.12054487179487179,0.7525,1.4210854715202004e-14,61b6944183d309377feb1e3ab1a1712456500222d906f91cb64bc7eff67be891,0.9216666666666666,0.9216666666666666,0.0,0.8675,0.8675,0.0
10030,0.95,200.0,0.8767033252865076,0.9618135739117861,1.0,30,31200,0,0.10801832257258584,0.18276589699104784,0.074747574418462,True,0.13118589743589743,3.205128205128205e-05,0.0002443195699975568,0.13115384615384615,0.8529166666666667,0.13080128205128205,0.010576923076923078,0.08086253369272237,0.12022435897435897,0.7541666666666667,1.4210854715202004e-14,61b6944183d309377feb1e3ab1a1712456500222d906f91cb64bc7eff67be891,0.9583333333333334,0.9583333333333334,0.0,0.7475,0.7475,0.0
10030,0.95,200.0,0.8767033252865076,0.9618135739117861,1.5,30,31200,0,0.10589249935223975,0.17988343541807986,0.0739909360658401,True,0.13105769230769232,0.0001923076923076923,0.001467351430667645,0.1308653846153846,0.8133333333333334,0.13137820512820514,0.010608974358974359,0.08075140278116613,0.12076923076923077,0.7629166666666667,1.4210854715202004e-14,61b6944183d309377feb1e3ab1a1712456500222d906f91cb64bc7eff67be891,0.9808333333333333,0.9808333333333333,0.0,0.6458333333333334,0.6458333333333334,0.0
10031,0.75,50.0,1.1621268179267645,1.183748195692897,0.5,31,31200,0,0.1628127290414453,0.26029460098684465,0.09748187194539934,True,0.13102564102564102,0.007147435897435897,0.054549902152641876,0.12387820512820513,0.88625,0.13137820512820514,0.020673076923076922,0.15735545254940228,0.1107051282051282,0.6666666666666666,1.4210854715202004e-14,6eda0824d640e980f0f1a58d9ce91878dbbce5518f4be4e02276457b8666cb72,0.9333333333333333,0.8925,0.04083333333333333,0.8391666666666666,0.7766666666666666,0.0625
10031,0.75,50.0,1.1621268179267645,1.183748195692897,1.0,31,31200,0,0.16555000944985857,0.246268388859419,0.08071837940956045,True,0.13157051282051282,0.007788461538461538,0.05919610231425091,0.12378205128205128,0.8308333333333333,0.13115384615384615,0.015032051282051283,0.114613880742913,0.11612179487179487,0.7325,1.4210854715202004e-14,6eda0824d640e980f0f1a58d9ce91878dbbce5518f4be4e02276457b8666cb72,0.9683333333333334,0.9183333333333333,0.05,0.6933333333333334,0.6508333333333334,0.0425
10031,0.75,50.0,1.1621268179267645,1.183748195692897,1.5,31,31200,0,0.1577268675983254,0.25572467729418397,0.09799780969585856,True,0.13121794871794873,0.007115384615384615,0.0542256961406937,0.12410256410256411,0.7670833333333333,0.13173076923076923,0.01701923076923077,0.1291970802919708,0.11471153846153846,0.7125,1.4210854715202004e-14,6eda0824d640e980f0f1a58d9ce91878dbbce5518f4be4e02276457b8666cb72,0.9783333333333334,0.9241666666666667,0.05416666666666667,0.5558333333333333,0.5441666666666667,0.011666666666666667
10032,0.75,100.0,1.0608486969023945,1.0954548809677362,0.5,32,31200,0,0.13452407399070485,0.2198169203027587,0.08529284631205386,True,0.13125,0.002564102564102564,0.019536019536019536,0.12868589743589742,0.89125,0.13147435897435897,0.012435897435897436,0.09458800585080449,0.11903846153846154,0.73125,1.4210854715202004e-14,b30a9e7657de7192e150c149c3390c18e1391a902a6259615484f59fa0d74eca,0.9366666666666666,0.9075,0.029166666666666667,0.8458333333333333,0.8283333333333334,0.0175
10032,0.75,100.0,1.0608486969023945,1.0954548809677362,1.0,32,31200,0,0.13390902914529795,0.2132418775915051,0.07933284844620714,True,0.13169871794871796,0.003012820512820513,0.022876612314431735,0.12868589743589742,0.8429166666666666,0.13115384615384615,0.010833333333333334,0.0826001955034213,0.12032051282051281,0.7575,1.4210854715202004e-14,b30a9e7657de7192e150c149c3390c18e1391a902a6259615484f59fa0d74eca,0.9666666666666667,0.93,0.03666666666666667,0.7191666666666666,0.7058333333333333,0.013333333333333334
10032,0.75,100.0,1.0608486969023945,1.0954548809677362,1.5,32,31200,0,0.12793644017478467,0.21580509320973715,0.08786865303495248,True,0.13153846153846155,0.003108974358974359,0.023635477582846003,0.12842948717948718,0.7895833333333333,0.1310897435897436,0.01125,0.08581907090464548,0.11983974358974359,0.7470833333333333,1.4210854715202004e-14,b30a9e7657de7192e150c149c3390c18e1391a902a6259615484f59fa0d74eca,0.9825,0.9408333333333333,0.041666666666666664,0.5966666666666667,0.5966666666666667,0.0
10033,0.9,50.0,0.9752241712063552,0.8734472092241049,0.5,33,31200,0,0.11889605330506732,0.2091036180676677,0.09020756476260038,True,0.13083333333333333,0.0004166666666666667,0.0031847133757961785,0.13041666666666665,0.8925,0.13125,0.010801282051282052,0.0822954822954823,0.12044871794871795,0.7366666666666667,1.4210854715202004e-14,8f40e3da734409aba2eb0bcc377491cc2c98a1c1359d76ee58784c62420cb613,0.9266666666666666,0.9266666666666666,0.0,0.8583333333333333,0.85,0.008333333333333333
10033,0.9,50.0,0.9752241712063552,0.8734472092241049,1.0,33,31200,0,0.11847081602767522,0.20973323593687868,0.09126241990920346,True,0.13064102564102564,0.0003205128205128205,0.0024533856722276743,0.13032051282051282,0.8554166666666667,0.13105769230769232,0.010608974358974359,0.08094888725849841,0.12044871794871795,0.7545833333333334,1.4210854715202004e-14,8f40e3da734409aba2eb0bcc377491cc2c98a1c1359d76ee58784c62420cb613,0.9558333333333333,0.9558333333333333,0.0,0.755,0.7508333333333334,0.004166666666666667
10033,0.9,50.0,0.9752241712063552,0.8734472092241049,1.5,33,31200,0,0.11541326817820464,0.21239246041873558,0.09697919224053093,True,0.13112179487179487,0.0001923076923076923,0.0014666340747983377,0.1309294871794872,0.8258333333333333,0.13128205128205128,0.010608974358974359,0.080810546875,0.12067307692307692,0.76125,1.4210854715202004e-14,8f40e3da734409aba2eb0bcc377491cc2c98a1c1359d76ee58784c62420cb613,0.9841666666666666,0.9841666666666666,0.0,0.6675,0.6675,0.0
10034,0.85,200.0,1.1766511779278517,1.1243374906480312,0.5,34,31200,0,0.12140193543940893,0.2159431913999852,0.09454125596057626,True,0.13121794871794873,0.00022435897435897436,0.001709819247679531,0.13099358974358974,0.89,0.13118589743589743,0.010769230769230769,0.08209137551917908,0.12041666666666667,0.7479166666666667,1.4210854715202004e-14,014c74137a7768974acd2a73a13947397d41d13fdf0dc6da0fb663b08125f915,0.9316666666666666,0.9283333333333333,0.0033333333333333335,0.8483333333333334,0.8458333333333333,0.0025
10034,0.85,200.0,1.1766511779278517,1.1243374906480312,1.0,34,31200,0,0.11993539193142227,0.2146253652009031,0.09468997326948084,True,0.13112179487179487,0.0003846153846153846,0.0029332681495966755,0.1307371794871795,0.8383333333333334,0.1310897435897436,0.010544871794871794,0.080440097799511,0.12054487179487179,0.7604166666666666,1.4210854715202004e-14,014c74137a7768974acd2a73a13947397d41d13fdf0dc6da0fb663b08125f915,0.9741666666666666,0.9658333333333333,0.008333333333333333,0.7025,0.7008333333333333,0.0016666666666666668
10034,0.85,200.0,1.1766511779278517,1.1243374906480312,1.5,34,31200,0,0.11654911348685078,0.21170568534736714,0.09515657186051636,True,0.13125,0.0004166666666666667,0.0031746031746031746,0.13083333333333333,0.78375,0.13112179487179487,0.010576923076923078,0.08066487411390857,0.12054487179487179,0.7616666666666667,1.4210854715202004e-14,014c74137a7768974acd2a73a13947397d41d13fdf0dc6da0fb663b08125f915,0.995,0.985,0.01,0.5725,0.5725,0.0
10035,0.65,50.0,0.8622760374099017,0.9461284756660462,0.5,35,31200,0,0.17165745730080334,0.27049162172990643,0.09883416442910309,True,0.13115384615384615,0.008878205128205129,0.0676930596285435,0.12227564102564102,0.9041666666666667,0.13141025641025642,0.024615384615384615,0.1873170731707317,0.10679487179487179,0.6166666666666667,1.4210854715202004e-14,bfcfa410fdd90a62160cd845579d1a590f275ba4a687ebb6a376e5e225de49fa,0.9366666666666666,0.8791666666666667,0.0575,0.8716666666666667,0.8016666666666666,0.07
10035,0.65,50.0,0.8622760374099017,0.9461284756660462,1.0,35,31200,0,0.18794521366557715,0.25181751490471854,0.0638723012391414,True,0.13076923076923078,0.01157051282051282,0.08848039215686275,0.11919871794871795,0.8595833333333334,0.13115384615384615,0.018782051282051283,0.14320625610948193,0.11237179487179487,0.68,1.4210854715202004e-14,bfcfa410fdd90a62160cd845579d1a590f275ba4a687ebb6a376e5e225de49fa,0.9675,0.9008333333333334,0.06666666666666667,0.7516666666666667,0.6775,0.07416666666666667
10035,0.65,50.0,0.8622760374099017,0.9461284756660462,1.5,35,31200,0,0.17709694175850413,0.2657280709463433,0.08863112918783919,True,0.13112179487179487,0.010576923076923078,0.08066487411390857,0.12054487179487179,0.81,0.13112179487179487,0.02076923076923077,0.1583964800782205,0.1103525641025641,0.6695833333333333,1.4210854715202004e-14,bfcfa410fdd90a62160cd845579d1a590f275ba4a687ebb6a376e5e225de49fa,0.9908333333333333,0.9166666666666666,0.07416666666666667,0.6291666666666667,0.6033333333333334,0.025833333333333333
10036,0.75,200.0,0.9286057218909264,0.9986119415611029,0.5,36,31200,0,0.12159470254489808,0.2181621901792018,0.09656748763430371,True,0.1308653846153846,0.0005128205128205128,0.0039186872397746755,0.1303525641025641,0.8975,0.13118589743589743,0.011282051282051283,0.08600048863913999,0.11990384615384615,0.72,1.4210854715202004e-14,1924c39ad2ede15682b0dc7efa15d3474b0f7c058ae40e6c06ac17067b8e30ef,0.9333333333333333,0.9266666666666666,0.006666666666666667,0.8616666666666667,0.8566666666666667,0.005
10036,0.75,200.0,0.9286057218909264,0.9986119415611029,1.0,36,31200,0,0.11974225654210248,0.21038412900976275,0.09064187246766027,True,0.13157051282051282,0.0005128205128205128,0.00389768574908648,0.13105769230769232,0.8525,0.13112179487179487,0.01064102564102564,0.08115375213884136,0.12048076923076922,0.7533333333333333,1.4210854715202004e-14,1924c39ad2ede15682b0dc7efa15d3474b0f7c058ae40e6c06ac17067b8e30ef,0.97,0.9616666666666667,0.008333333333333333,0.735,0.7333333333333333,0.0016666666666666668
10036,0.75,200.0,0.9286057218909264,0.9986119415611029,1.5,36,31200,0,0.11737647572890537,0.2136269400115908,0.09625046428268542,True,0.13099358974358974,0.0009615384615384616,0.007340347443112307,0.13003205128205128,0.8,0.13131410256410256,0.010737179487179487,0.08176714669270198,0.12057692307692308,0.7458333333333333,1.4210854715202004e-14,1924c39ad2ede15682b0dc7efa15d3474b0f7c058ae40e6c06ac17067b8e30ef,0.9858333333333333,0.975,0.010833333333333334,0.6141666666666666,0.6141666666666666,0.0
10037,0.9,100.0,1.0071963258087635,1.1703754488378764,0.5,37,31200,0,0.11360184802853127,0.19648743058088855,0.08288558255235728,True,0.13163461538461538,3.205128205128205e-05,0.00024348672997321646,0.1316025641025641,0.8875,0.13147435897435897,0.010576923076923078,0.08044856167723062,0.1208974358974359,0.7525,1.4210854715202004e-14,1c0185dbb5c2afd8f11d8de76c085e2df3a5ba7ebb186793a3bf73cd661cc61b,0.9366666666666666,0.9358333333333333,0.0008333333333333334,0.8383333333333334,0.8383333333333334,0.0
10037,0.9,100.0,1.0071963258087635,1.1703754488378764,1.0,37,31200,0,0.11226303586855414,0.194112945478946,0.08184990961039186,True,0.13118589743589743,3.205128205128205e-05,0.0002443195699975568,0.13115384615384615,0.8391666666666666,0.13105769230769232,0.010576923076923078,0.08070432868672046,0.12048076923076922,0.7633333333333333,1.4210854715202004e-14,1c0185dbb5c2afd8f11d8de76c085e2df3a5ba7ebb186793a3bf73cd661cc61b,0.9691666666666666,0.9683333333333334,0.0008333333333333334,0.7091666666666666,0.7091666666666666,0.0
10037,0.9,100.0,1.0071963258087635,1.1703754488378764,1.5,37,31200,0,0.10931043005660393,0.19319073304461196,0.08388030298800803,True,0.13121794871794873,9.615384615384615e-05,0.0007327796775769418,0.13112179487179487,0.7879166666666667,0.13121794871794873,0.010576923076923078,0.0806057645334636,0.12064102564102563,0.7641666666666667,1.4210854715202004e-14,1c0185dbb5c2afd8f11d8de76c085e2df3a5ba7ebb186793a3bf73cd661cc61b,0.9891666666666666,0.9883333333333333,0.0008333333333333334,0.5866666666666667,0.5866666666666667,0.0
10038,0.95,100.0,0.8088941283524037,0.8212445050477982,0.5,38,31200,0,0.1128004915901758,0.18990355814848012,0.07710306655830432,True,0.13125,0.0003205128205128205,0.002442002442002442,0.1309294871794872,0.89875,0.13118589743589743,0.010576923076923078,0.08062545809919375,0.12060897435897436,0.7495833333333334,1.4210854715202004e-14,88fb6e88ba1eb65a5c725345725dd6b3feaf207be0d495caf6dcea75c7443310,0.9208333333333333,0.9208333333333333,0.0,0.8766666666666667,0.8758333333333334,0.0008333333333333334
10038,0.95,100.0,0.8088941283524037,0.8212445050477982,1.0,38,31200,0,0.1129643613436512,0.19075364929933225,0.07778928795568105,True,0.13099358974358974,0.0003846153846153846,0.002936138977244923,0.13060897435897437,0.8645833333333334,0.1310897435897436,0.010576923076923078,0.08068459657701711,0.12051282051282051,0.755,1.4210854715202004e-14,88fb6e88ba1eb65a5c725345725dd6b3feaf207be0d495caf6dcea75c7443310,0.9583333333333334,0.9583333333333334,0.0,0.7708333333333334,0.77,0.0008333333333333334
10038,0.95,100.0,0.8088941283524037,0.8212445050477982,1.5,38,31200,0,0.1092584187314607,0.18778958706343687,0.07853116833197618,True,0.13115384615384615,0.000641025641025641,0.004887585532746823,0.1305128205128205,0.8279166666666666,0.13096153846153846,0.010544871794871794,0.08051884483602545,0.12041666666666667,0.7591666666666667,1.4210854715202004e-14,88fb6e88ba1eb65a5c725345725dd6b3feaf207be0d495caf6dcea75c7443310,0.9816666666666667,0.9816666666666667,0.0,0.6741666666666667,0.6741666666666667,0.0
10039,0.85,50.0,1.130303953588009,1.0493070594966412,0.5,39,31200,0,0.12086582626192775,0.21697816965184302,0.09611234338991527,True,0.13112179487179487,0.0003205128205128205,0.0024443901246638962,0.13080128205128205,0.8879166666666667,0.13121794871794873,0.011923076923076923,0.09086468001954079,0.11929487179487179,0.7204166666666667,1.4210854715202004e-14,df59262d8876dcded41316c73a6d1887acad9eccffb2124175937868db3cf535,0.9175,0.9141666666666667,0.0033333333333333335,0.8583333333333333,0.8541666666666666,0.004166666666666667
10039,0.85,50.0,1.130303953588009,1.0493070594966412,1.0,39,31200,0,0.12351731535097911,0.21692868232046983,0.09341136696949072,True,0.1307051282051282,0.0007371794871794872,0.005640019617459539,0.12996794871794873,0.8445833333333334,0.13115384615384615,0.010769230769230769,0.08211143695014662,0.12038461538461538,0.7470833333333333,1.4210854715202004e-14,df59262d8876dcded41316c73a6d1887acad9eccffb2124175937868db3cf535,0.9525,0.9475,0.005,0.7366666666666667,0.7308333333333333,0.005833333333333334
10039,0.85,50.0,1.130303953588009,1.0493070594966412,1.5,39,31200,0,0.12042375975131657,0.2225304209441169,0.10210666119280033,True,0.13141025641025642,0.0004487179487179487,0.0034146341463414634,0.13096153846153846,0.7983333333333333,0.13131410256410256,0.011153846153846153,0.08494020014644862,0.1201602564102564,0.7441666666666666,1.4210854715202004e-14,df59262d8876dcded41316c73a6d1887acad9eccffb2124175937868db3cf535,0.9816666666666667,0.9766666666666667,0.005,0.615,0.615,0.0
10040,0.85,200.0,0.8390540029853583,1.1784802813082935,0.5,40,31200,0,0.11195605294959238,0.1906874898750021,0.07873143692540971,True,0.1309294871794872,0.0,0.0,0.1309294871794872,0.8916666666666667,0.13105769230769232,0.010608974358974359,0.08094888725849841,0.12044871794871795,0.76,1.4210854715202004e-14,a68c1cae36de8b1c44fabc1db5b353a5bcae7e9c41363778e43108ba3c40ec37,0.9241666666666667,0.9241666666666667,0.0,0.8591666666666666,0.8591666666666666,0.0
10040,0.85,200.0,0.8390540029853583,1.1784802813082935,1.0,40,31200,0,0.10914512318836934,0.1865224994439734,0.07737737625560405,True,0.13102564102564102,0.0001282051282051282,0.0009784735812133072,0.1308974358974359,0.8329166666666666,0.13102564102564102,0.010608974358974359,0.08096868884540118,0.12041666666666667,0.7629166666666667,1.4210854715202004e-14,a68c1cae36de8b1c44fabc1db5b353a5bcae7e9c41363778e43108ba3c40ec37,0.9666666666666667,0.9666666666666667,0.0,0.6991666666666667,0.6991666666666667,0.0
10040,0.85,200.0,0.8390540029853583,1.1784802813082935,1.5,40,31200,0,0.10625183026776086,0.18278888753928585,0.07653705727152499,True,0.13137820512820514,0.0003525641025641026,0.002683581361307636,0.13102564102564102,0.7883333333333333,0.13125,0.010608974358974359,0.08083028083028083,0.12064102564102563,0.7666666666666667,1.4210854715202004e-14,a68c1cae36de8b1c44fabc1db5b353a5bcae7e9c41363778e43108ba3c40ec37,0.985,0.985,0.0,0.5916666666666667,0.5916666666666667,0.0
10041,0.95,50.0,1.122139421477914,0.950274307653308,0.5,41,31200,0,0.12418520721324226,0.21290589568680915,0.08872068847356689,True,0.13134615384615383,0.00016025641025641026,0.0012201073694485115,0.13118589743589743,0.8875,0.1308974358974359,0.010256410256410256,0.07835455435847209,0.12064102564102563,0.7458333333333333,1.4210854715202004e-14,cb75b25d78b7ba2a55cfce6cf6983bc9f7dea8b2b200f950356e48dd02475625,0.9283333333333333,0.9266666666666666,0.0016666666666666668,0.8466666666666667,0.8441666666666666,0.0025
10041,0.95,50.0,1.122139421477914,0.950274307653308,1.0,41,31200,0,0.12354650683229078,0.21354204143112263,0.08999553459883185,True,0.13112179487179487,9.615384615384615e-05,0.0007333170373991689,0.13102564102564102,0.8570833333333333,0.13105769230769232,0.010064102564102563,0.07679139153827341,0.12099358974358974,0.7633333333333333,1.4210854715202004e-14,cb75b25d78b7ba2a55cfce6cf6983bc9f7dea8b2b200f950356e48dd02475625,0.9541666666666667,0.9525,0.0016666666666666668,0.76,0.7591666666666667,0.0008333333333333334
10041,0.95,50.0,1.122139421477914,0.950274307653308,1.5,41,31200,0,0.11968519691237488,0.20976301310924153,0.09007781619686665,True,0.13137820512820514,9.615384615384615e-05,0.0007318858258111735,0.13128205128205128,0.8179166666666666,0.13105769230769232,0.010192307692307691,0.07776962582538519,0.12086538461538461,0.7695833333333333,1.4210854715202004e-14,cb75b25d78b7ba2a55cfce6cf6983bc9f7dea8b2b200f950356e48dd02475625,0.9733333333333334,0.9708333333333333,0.0025,0.6625,0.6625,0.0
10042,0.9,100.0,0.9234462652355433,1.0011601008474829,0.5,42,31200,0,0.11451643271131876,0.1969553719786456,0.08243893926732684,True,0.1310897435897436,6.41025641025641e-05,0.0004889975550122249,0.13102564102564102,0.8841666666666667,0.13105769230769232,0.010576923076923078,0.08070432868672046,0.12048076923076922,0.7408333333333333,1.4210854715202004e-14,bcaf4700209add18371e4ef22fae495a267632067806ebe79fa05a46a7d00e8c,0.9366666666666666,0.9358333333333333,0.0008333333333333334,0.8316666666666667,0.8316666666666667,0.0
10042,0.9,100.0,0.9234462652355433,1.0011601008474829,1.0,42,31200,0,0.11315890094225806,0.19631659257783826,0.0831576916355802,True,0.13096153846153846,9.615384615384615e-05,0.0007342143906020558,0.1308653846153846,0.8466666666666667,0.13102564102564102,0.010576923076923078,0.08072407045009784,0.12044871794871795,0.7583333333333333,1.4210854715202004e-14,bcaf4700209add18371e4ef22fae495a267632067806ebe79fa05a46a7d00e8c,0.9675,0.9666666666666667,0.0008333333333333334,0.7258333333333333,0.7258333333333333,0.0
10042,0.9,100.0,0.9234462652355433,1.0011601008474829,1.5,42,31200,0,0.11048432533532482,0.19416275191397064,0.08367842657864583,True,0.13112179487179487,0.00016025641025641026,0.0012221950623319481,0.13096153846153846,0.80375,0.13083333333333333,0.010576923076923078,0.08084272415482606,0.12025641025641026,0.7620833333333333,1.4210854715202004e-14,bcaf4700209add18371e4ef22fae495a267632067806ebe79fa05a46a7d00e8c,0.9891666666666666,0.9875,0.0016666666666666668,0.6183333333333333,0.6183333333333333,0.0
10043,0.65,50.0,1.0403604175895453,0.8291555151343346,0.5,43,31200,0,0.17845720617945293,0.26534094427210403,0.0868837380926511,True,0.13064102564102564,0.009038461538461539,0.06918547595682041,0.1216025641025641,0.90375,0.13121794871794873,0.023397435897435898,0.17830972154372252,0.10782051282051282,0.60875,1.4210854715202004e-14,7d3db77b1c5c4a531b211fd071172ba1c37e5239c92dbeb67334c62abc577b54,0.935,0.87,0.065,0.8725,0.8,0.0725
10043,0.65,50.0,1.0403604175895453,0.8291555151343346,1.0,43,31200,0,0.19491366876923938,0.25462374428771617,0.05971007551847679,True,0.13125,0.011602564102564102,0.0884004884004884,0.1196474358974359,0.8720833333333333,0.13128205128205128,0.018942307692307692,0.144287109375,0.1123397435897436,0.67625,1.4210854715202004e-14,7d3db77b1c5c4a531b211fd071172ba1c37e5239c92dbeb67334c62abc577b54,0.9725,0.8941666666666667,0.07833333333333334,0.7716666666666666,0.6866666666666666,0.085
10043,0.65,50.0,1.0403604175895453,0.8291555151343346,1.5,43,31200,0,0.18537918661888725,0.2659972156955731,0.08061802907668586,True,0.13118589743589743,0.010897435897435897,0.08306865379916932,0.12028846153846154,0.8241666666666667,0.13121794871794873,0.01971153846153846,0.1502198339032731,0.11150641025641025,0.66875,1.4210854715202004e-14,7d3db77b1c5c4a531b211fd071172ba1c37e5239c92dbeb67334c62abc577b54,0.985,0.9008333333333334,0.08416666666666667,0.6633333333333333,0.6241666666666666,0.03916666666666667
10044,0.65,200.0,1.1691477350890638,0.8753048639744521,0.5,44,31200,0,0.16549097773274474,0.26267882826361705,0.09718785053087231,True,0.13076923076923078,0.007532051282051282,0.05759803921568627,0.1232371794871795,0.90625,0.13131410256410256,0.022820512820512822,0.17378569685135464,0.10849358974358975,0.6291666666666667,1.4210854715202004e-14,2d082084e5f2f777717468c8220de8c328698f2785ad3b12a980e04db61c48eb,0.935,0.8725,0.0625,0.8775,0.8175,0.06
10044,0.65,200.0,1.1691477350890638,0.8753048639744521,1.0,44,31200,0,0.18164113168059728,0.2456942085143087,0.06405307683371142,True,0.13105769230769232,0.010673076923076922,0.08143800440205429,0.12038461538461538,0.8583333333333333,0.13118589743589743,0.016153846153846154,0.12313706327876862,0.11503205128205128,0.6991666666666667,1.4210854715202004e-14,2d082084e5f2f777717468c8220de8c328698f2785ad3b12a980e04db61c48eb,0.9716666666666667,0.8983333333333333,0.07333333333333333,0.745,0.6658333333333334,0.07916666666666666
10044,0.65,200.0,1.1691477350890638,0.8753048639744521,1.5,44,31200,0,0.17948604098376394,0.2634044167112914,0.08391837572752744,True,0.13115384615384615,0.010961538461538462,0.08357771260997067,0.1201923076923077,0.81,0.13128205128205128,0.018621794871794873,0.141845703125,0.11266025641025641,0.6758333333333333,1.4210854715202004e-14,2d082084e5f2f777717468c8220de8c328698f2785ad3b12a980e04db61c48eb,0.9916666666666667,0.9108333333333334,0.08083333333333333,0.6283333333333333,0.5733333333333334,0.055
10045,0.9,50.0,0.8915337324142456,1.0533643294125796,0.5,45,31200,0,0.12077783143971645,0.21123530982934335,0.09045747838962691,True,0.13112179487179487,0.0004166666666666667,0.0031777071620630653,0.1307051282051282,0.8954166666666666,0.13131410256410256,0.010993589743589743,0.08371979497193067,0.12032051282051281,0.7625,1.4210854715202004e-14,88659f0652a8bc4c5b82a05e4025b1cc94019a13b426384e92c0aba1d5129b1b,0.9241666666666667,0.9233333333333333,0.0008333333333333334,0.8666666666666667,0.8591666666666666,0.0075
10045,0.9,50.0,0.8915337324142456,1.0533643294125796,1.0,45,31200,0,0.11942489161373263,0.21239335725776287,0.09296846564403025,True,0.13137820512820514,9.615384615384615e-05,0.0007318858258111735,0.13128205128205128,0.86,0.13096153846153846,0.010544871794871794,0.08051884483602545,0.12041666666666667,0.7641666666666667,1.4210854715202004e-14,88659f0652a8bc4c5b82a05e4025b1cc94019a13b426384e92c0aba1d5129b1b,0.9575,0.9558333333333333,0.0016666666666666668,0.7625,0.7625,0.0
10045,0.9,50.0,0.8915337324142456,1.0533643294125796,1.5,45,31200,0,0.11601275866769743,0.21055856597992656,0.09454580731222913,True,0.13137820512820514,0.0003846153846153846,0.002927543303244694,0.13099358974358974,0.8091666666666667,0.13125,0.010705128205128206,0.08156288156288156,0.12054487179487179,0.775,1.4210854715202004e-14,88659f0652a8bc4c5b82a05e4025b1cc94019a13b426384e92c0aba1d5129b1b,0.9808333333333333,0.9766666666666667,0.004166666666666667,0.6375,0.6375,0.0
10046,0.95,200.0,1.0933524608612062,0.9042348220944405,0.5,46,31200,0,0.11364167969322159,0.19651859126646265,0.08287691157324106,True,0.13137820512820514,0.0,0.0,0.13137820512820514,0.8941666666666667,0.13118589743589743,0.010256410256410256,0.07818226239921817,0.12092948717948718,0.7491666666666666,1.4210854715202004e-14,274455dd86b2551928958b0365879ee549c9ac462d032c4cbc434a72cea2d59c,0.935,0.935,0.0,0.8533333333333334,0.8533333333333334,0.0
10046,0.95,200.0,1.0933524608612062,0.9042348220944405,1.0,46,31200,0,0.11173400729110679,0.19389860351013258,0.08216459621902579,True,0.1309294871794872,3.205128205128205e-05,0.0002447980416156671,0.1308974358974359,0.8570833333333333,0.13112179487179487,0.01,0.07626497188951356,0.12112179487179488,0.7620833333333333,1.4210854715202004e-14,274455dd86b2551928958b0365879ee549c9ac462d032c4cbc434a72cea2d59c,0.9716666666666667,0.9716666666666667,0.0,0.7425,0.7425,0.0
10046,0.95,200.0,1.0933524608612062,0.9042348220944405,1.5,46,31200,0,0.10905089134541045,0.19019755036537472,0.08114665901996428,True,0.13134615384615383,3.205128205128205e-05,0.0002440214738897023,0.13131410256410256,0.8225,0.13134615384615383,0.010320512820512821,0.07857491459248414,0.12102564102564102,0.7658333333333334,1.4210854715202004e-14,274455dd86b2551928958b0365879ee549c9ac462d032c4cbc434a72cea2d59c,0.9908333333333333,0.9908333333333333,0.0,0.6541666666666667,0.6541666666666667,0.0
10047,0.75,100.0,0.9709661297500134,1.1259952910244466,0.5,47,31200,0,0.12673758159591267,0.2163576370002299,0.08962005540431722,True,0.13115384615384615,0.0016346153846153845,0.012463343108504398,0.12951923076923078,0.8908333333333334,0.1308653846153846,0.013237179487179488,0.10115111437668381,0.11762820512820513,0.7025,1.4210854715202004e-14,be769d1e11c758f287a1f06723acfdb10fa4fd854ad36a0a5c2f2ed3b4034754,0.9441666666666667,0.9283333333333333,0.015833333333333335,0.8375,0.8291666666666667,0.008333333333333333
10047,0.75,100.0,0.9709661297500134,1.1259952910244466,1.0,47,31200,0,0.1258829523065995,0.2057122816830769,0.07982932937647741,True,0.1310897435897436,0.0022756410256410254,0.017359413202933986,0.12881410256410256,0.8341666666666666,0.13121794871794873,0.011666666666666667,0.08891060087933561,0.11955128205128206,0.7504166666666666,1.4210854715202004e-14,be769d1e11c758f287a1f06723acfdb10fa4fd854ad36a0a5c2f2ed3b4034754,0.9775,0.9541666666666667,0.023333333333333334,0.6908333333333333,0.6841666666666667,0.006666666666666667
10047,0.75,100.0,0.9709661297500134,1.1259952910244466,1.5,47,31200,0,0.12078229690945262,0.21292615257715858,0.09214385566770596,True,0.13125,0.0020512820512820513,0.01562881562881563,0.12919871794871796,0.7795833333333333,0.13121794871794873,0.012275641025641026,0.09355153883732291,0.1189423076923077,0.7408333333333333,1.4210854715202004e-14,be769d1e11c758f287a1f06723acfdb10fa4fd854ad36a0a5c2f2ed3b4034754,0.9916666666666667,0.965,0.02666666666666667,0.5675,0.5666666666666667,0.0008333333333333334
10048,0.75,200.0,1.1031318470835687,0.802169867604971,0.5,48,31200,0,0.12176214460051947,0.21631461616784484,0.09455247156732537,True,0.13080128205128205,0.0008653846153846154,0.006616025483950012,0.12993589743589742,0.9004166666666666,0.1309294871794872,0.011698717948717949,0.08935128518971848,0.11923076923076924,0.71625,1.4210854715202004e-14,574060a41c8f3c0196cc35844e24b64ea2ad1035da48a791ba0f1b5175d8a4b7,0.9333333333333333,0.9216666666666666,0.011666666666666667,0.8675,0.8641666666666666,0.0033333333333333335
10048,0.75,200.0,1.1031318470835687,0.802169867604971,1.0,48,31200,0,0.12376095624024436,0.21041263675580105,0.08665168051555669,True,0.1308974358974359,0.0015705128205128205,0.011998041136141039,0.1293269230769231,0.8695833333333334,0.13141025641025642,0.010705128205128206,0.08146341463414634,0.1207051282051282,0.7591666666666667,1.4210854715202004e-14,574060a41c8f3c0196cc35844e24b64ea2ad1035da48a791ba0f1b5175d8a4b7,0.9758333333333333,0.9625,0.013333333333333334,0.7633333333333333,0.755,0.008333333333333333
10048,0.75,200.0,1.1031318470835687,0.802169867604971,1.5,48,31200,0,0.12088760617542992,0.21500611997185007,0.09411851379642015,True,0.13137820512820514,0.0015064102564102564,0.011466211271041717,0.12987179487179487,0.8295833333333333,0.13105769230769232,0.011057692307692308,0.08437270726338958,0.12,0.745,1.4210854715202004e-14,574060a41c8f3c0196cc35844e24b64ea2ad1035da48a791ba0f1b5175d8a4b7,0.9925,0.9791666666666666,0.013333333333333334,0.6666666666666666,0.6633333333333333,0.0033333333333333335
10049,0.95,100.0,0.8325490482151509,1.0304032802581788,0.5,49,31200,0,0.11240507573130055,0.19004559478038588,0.07764051904908532,True,0.1314423076923077,6.41025641025641e-05,0.000487685930260912,0.13137820512820514,0.89375,0.13112179487179487,0.010608974358974359,0.08090931312637496,0.12051282051282051,0.7566666666666667,1.4210854715202004e-14,c67436e15a36b2e97777d5a7906b7dd4f5a2a75e8f3fd0e66a0a3b2e412ee42b,0.9208333333333333,0.9208333333333333,0.0,0.8666666666666667,0.8666666666666667,0.0
10049,0.95,100.0,0.8325490482151509,1.0304032802581788,1.0,49,31200,0,0.1110639441936634,0.1874838856242797,0.0764199414306163,True,0.1307371794871795,0.0001923076923076923,0.0014709487619514587,0.1305448717948718,0.84625,0.13105769230769232,0.010608974358974359,0.08094888725849841,0.12044871794871795,0.7575,1.4210854715202004e-14,c67436e15a36b2e97777d5a7906b7dd4f5a2a75e8f3fd0e66a0a3b2e412ee42b,0.9591666666666666,0.9591666666666666,0.0,0.7333333333333333,0.7333333333333333,0.0
10049,0.95,100.0,0.8325490482151509,1.0304032802581788,1.5,49,31200,0,0.10841989549469808,0.18458466243201774,0.07616476693731966,True,0.1308974358974359,0.0004166666666666667,0.0031831537708129284,0.13048076923076923,0.80625,0.13141025641025642,0.010608974358974359,0.08073170731707317,0.12080128205128206,0.76875,1.4210854715202004e-14,c67436e15a36b2e97777d5a7906b7dd4f5a2a75e8f3fd0e66a0a3b2e412ee42b,0.9816666666666667,0.9816666666666667,0.0,0.6308333333333334,0.6308333333333334,0.0
10050,0.85,200.0,1.0343683965504171,0.981101355329156,0.5,50,31200,0,0.11455390613810483,0.19983115670800436,0.08527725056989953,True,0.13147435897435897,6.41025641025641e-05,0.00048756704046806434,0.13141025641025642,0.895,0.13105769230769232,0.010608974358974359,0.08094888725849841,0.12044871794871795,0.7470833333333333,1.4210854715202004e-14,744d05e6af62ca1ff44bb3ef946f9188dfc2f8e258654e6791230466ddb651ca,0.9366666666666666,0.9366666666666666,0.0,0.8533333333333334,0.8533333333333334,0.0
10050,0.85,200.0,1.0343683965504171,0.981101355329156,1.0,50,31200,0,0.11306008459153273,0.19715829078834723,0.0840982061968145,True,0.13118589743589743,6.41025641025641e-05,0.0004886391399951136,0.13112179487179487,0.84875,0.13134615384615383,0.010608974358974359,0.08077110785749146,0.12073717948717949,0.7604166666666666,1.4210854715202004e-14,744d05e6af62ca1ff44bb3ef946f9188dfc2f8e258654e6791230466ddb651ca,0.9708333333333333,0.9708333333333333,0.0,0.7266666666666667,0.7266666666666667,0.0
10050,0.85,200.0,1.0343683965504171,0.981101355329156,1.5,50,31200,0,0.11035586388561,0.1962812939475513,0.08592543006194131,True,0.13099358974358974,0.0,0.0,0.13099358974358974,0.8091666666666667,0.13134615384615383,0.010608974358974359,0.08077110785749146,0.12073717948717949,0.7629166666666667,1.4210854715202004e-14,744d05e6af62ca1ff44bb3ef946f9188dfc2f8e258654e6791230466ddb651ca,0.9891666666666666,0.9891666666666666,0.0,0.6291666666666667,0.6291666666666667,0.0
10051,0.65,50.0,0.9049507662653924,1.1530357774347069,0.5,51,31200,0,0.17428412933432935,0.2707602706419725,0.09647614130764315,True,0.13118589743589743,0.00907051282051282,0.06914243830930858,0.12211538461538461,0.885,0.13105769230769232,0.022307692307692306,0.1702127659574468,0.10875,0.6204166666666666,1.4210854715202004e-14,8e438bd3da6d9645bae7ef9dfe544db4121f2d1dc655612e2a7aeeb417f4c324,0.9308333333333333,0.855,0.07583333333333334,0.8391666666666666,0.7641666666666667,0.075
10051,0.65,50.0,0.9049507662653924,1.1530357774347069,1.0,51,31200,0,0.18286834489501164,0.2501209664504431,0.06725262155543149,True,0.1305448717948718,0.010320512820512821,0.07905720599067027,0.12022435897435897,0.8316666666666667,0.13134615384615383,0.017243589743589742,0.13128355295265984,0.1141025641025641,0.69125,1.4210854715202004e-14,8e438bd3da6d9645bae7ef9dfe544db4121f2d1dc655612e2a7aeeb417f4c324,0.9575,0.8691666666666666,0.08833333333333333,0.7058333333333333,0.65,0.05583333333333333
10051,0.65,50.0,0.9049507662653924,1.1530357774347069,1.5,51,31200,0,0.17593292706520663,0.26399615298064577,0.08806322591543914,True,0.13137820512820514,0.009871794871794872,0.0751402781166138,0.12150641025641026,0.7879166666666667,0.13131410256410256,0.01782051282051282,0.1357090554063949,0.11349358974358974,0.68,1.4210854715202004e-14,8e438bd3da6d9645bae7ef9dfe544db4121f2d1dc655612e2a7aeeb417f4c324,0.9741666666666666,0.8808333333333334,0.09333333333333334,0.6016666666666667,0.585,0.016666666666666666
10052,0.65,100.0,0.8855388302356005,1.105323925614357,0.5,52,31200,0,0.1457427052135855,0.24839783680757735,0.10265513159399184,True,0.13115384615384615,0.004423076923076923,0.03372434017595308,0.12673076923076923,0.9045833333333333,0.1308974358974359,0.01903846153846154,0.1454456415279138,0.11185897435897436,0.6629166666666667,1.4210854715202004e-14,acdd4b4c9e6efb0fb6b39e3462b01472d56617297fcf415c26f5aaf1f9ac98e2,0.9466666666666667,0.8975,0.049166666666666664,0.8625,0.8441666666666666,0.018333333333333333
10052,0.65,100.0,0.8855388302356005,1.105323925614357,1.0,52,31200,0,0.15343127988297536,0.22709534020731703,0.07366406032434167,True,0.13080128205128205,0.006570512820512821,0.05023278608184269,0.12423076923076923,0.8420833333333333,0.13112179487179487,0.014487179487179487,0.11048643363480812,0.11663461538461538,0.7304166666666667,1.4210854715202004e-14,acdd4b4c9e6efb0fb6b39e3462b01472d56617297fcf415c26f5aaf1f9ac98e2,0.9775,0.9216666666666666,0.05583333333333333,0.7066666666666667,0.6808333333333333,0.025833333333333333
10052,0.65,100.0,0.8855388302356005,1.105323925614357,1.5,52,31200,0,0.1537885758496563,0.24373241016289998,0.08994383431324368,True,0.13150641025641024,0.008108974358974359,0.06166219839142091,0.1233974358974359,0.7916666666666666,0.13147435897435897,0.015769230769230768,0.11994149195514384,0.11570512820512821,0.70625,1.4210854715202004e-14,acdd4b4c9e6efb0fb6b39e3462b01472d56617297fcf415c26f5aaf1f9ac98e2,0.9975,0.9375,0.06,0.5858333333333333,0.575,0.010833333333333334
10053,0.9,50.0,1.1506555479019882,0.9273346297442914,0.5,53,31200,0,0.12495556357976607,0.21919069152549256,0.09423512794572649,True,0.13128205128205128,0.0002884615384615385,0.002197265625,0.13099358974358974,0.8866666666666667,0.13102564102564102,0.01125,0.08586105675146771,0.11977564102564102,0.7275,1.4210854715202004e-14,fcfbfb5deb76c00ce2f6f6dfa64e46e8e453e1597aba92528f85b96a3ba387d4,0.9116666666666666,0.9066666666666666,0.005,0.8616666666666667,0.86,0.0016666666666666668
10053,0.9,50.0,1.1506555479019882,0.9273346297442914,1.0,53,31200,0,0.12506829451575097,0.22019479582163837,0.0951265013058874,True,0.1309294871794872,0.0003525641025641026,0.0026927784577723377,0.1305769230769231,0.8491666666666666,0.1307051282051282,0.01064102564102564,0.08141245708680726,0.12006410256410256,0.7408333333333333,1.4210854715202004e-14,fcfbfb5deb76c00ce2f6f6dfa64e46e8e453e1597aba92528f85b96a3ba387d4,0.9475,0.9408333333333333,0.006666666666666667,0.7508333333333334,0.75,0.0008333333333333334
10053,0.9,50.0,1.1506555479019882,0.9273346297442914,1.5,53,31200,0,0.12349767177093268,0.22219855693578047,0.09870088516484779,True,0.1314423076923077,0.0003525641025641026,0.0026822726164350157,0.1310897435897436,0.8129166666666666,0.13121794871794873,0.011025641025641025,0.08402540302882266,0.1201923076923077,0.7508333333333334,1.4210854715202004e-14,fcfbfb5deb76c00ce2f6f6dfa64e46e8e453e1597aba92528f85b96a3ba387d4,0.9716666666666667,0.965,0.006666666666666667,0.6541666666666667,0.6541666666666667,0.0
10054,0.95,200.0,0.9519613903015852,1.0780052687972785,0.5,54,31200,0,0.11266712455389226,0.1919625526562813,0.07929542810238903,True,0.13080128205128205,0.0,0.0,0.13080128205128205,0.8870833333333333,0.1310897435897436,0.010544871794871794,0.080440097799511,0.12054487179487179,0.7575,1.4210854715202004e-14,51f6ab8c48dd99640994003c3fb8a5cdd1fde2c7a4a7b9f2f6294616307f97f3,0.9358333333333333,0.9358333333333333,0.0,0.8383333333333334,0.8383333333333334,0.0
10054,0.95,200.0,0.9519613903015852,1.0780052687972785,1.0,54,31200,0,0.11068640412280571,0.189193986327592,0.07850758220478628,True,0.1314423076923077,3.205128205128205e-05,0.000243842965130456,0.13141025641025642,0.8475,0.13137820512820514,0.01044871794871795,0.07953159307148085,0.12092948717948718,0.7645833333333333,1.4210854715202004e-14,51f6ab8c48dd99640994003c3fb8a5cdd1fde2c7a4a7b9f2f6294616307f97f3,0.9683333333333334,0.9683333333333334,0.0,0.7266666666666667,0.7266666666666667,0.0
10054,0.95,200.0,0.9519613903015852,1.0780052687972785,1.5,54,31200,0,0.10686474249408418,0.18309510079526092,0.07623035830117675,True,0.13083333333333333,3.205128205128205e-05,0.0002449779519843214,0.13080128205128205,0.7941666666666667,0.13128205128205128,0.010512820512820513,0.080078125,0.12076923076923077,0.7658333333333334,1.4210854715202004e-14,51f6ab8c48dd99640994003c3fb8a5cdd1fde2c7a4a7b9f2f6294616307f97f3,0.9875,0.9875,0.0,0.6008333333333333,0.6008333333333333,0.0
10055,0.75,100.0,1.086844338849187,0.8562173549085856,0.5,55,31200,0,0.1308468163957174,0.23294484797083284,0.10209803157511543,True,0.13150641025641024,0.0017307692307692308,0.013161101632951498,0.12977564102564101,0.9004166666666666,0.13134615384615383,0.015,0.11420204978038068,0.11634615384615385,0.7025,1.4210854715202004e-14,2852d54b55a8e68ee1d38f61a3f9fa66dc1197c314adf1187c8d37ff806d8252,0.9366666666666666,0.9133333333333333,0.023333333333333334,0.8641666666666666,0.8608333333333333,0.0033333333333333335
10055,0.75,100.0,1.086844338849187,0.8562173549085856,1.0,55,31200,0,0.13284580259060497,0.22385347955450557,0.09100767696390061,True,0.13105769230769232,0.002532051282051282,0.019320127170457325,0.128525641025641,0.8666666666666667,0.13128205128205128,0.012147435897435898,0.092529296875,0.11913461538461538,0.7595833333333334,1.4210854715202004e-14,2852d54b55a8e68ee1d38f61a3f9fa66dc1197c314adf1187c8d37ff806d8252,0.9716666666666667,0.9441666666666667,0.0275,0.7616666666666667,0.755,0.006666666666666667
10055,0.75,100.0,1.086844338849187,0.8562173549085856,1.5,55,31200,0,0.13350669745434973,0.23584196631796997,0.10233526886362024,True,0.13137820512820514,0.0027243589743589742,0.020736765064649915,0.12865384615384615,0.8254166666666667,0.13147435897435897,0.013621794871794872,0.10360799609946368,0.1178525641025641,0.7408333333333333,1.4210854715202004e-14,2852d54b55a8e68ee1d38f61a3f9fa66dc1197c314adf1187c8d37ff806d8252,0.9883333333333333,0.96,0.028333333333333332,0.6625,0.6566666666666666,0.005833333333333334
10056,0.85,200.0,0.9938413612544537,0.9223565258085729,0.5,56,31200,0,0.11384817778839527,0.20150372075262987,0.0876555429642346,True,0.13121794871794873,0.0,0.0,0.13121794871794873,0.8941666666666667,0.1314423076923077,0.010608974358974359,0.08071202145818093,0.12083333333333333,0.75875,1.4210854715202004e-14,8ebaf69510d4278e8a420329e1ebae1b8ee11a1cdf6f3143704f213c7a2cad45,0.93,0.93,0.0,0.8583333333333333,0.8583333333333333,0.0
10056,0.85,200.0,0.9938413612544537,0.9223565258085729,1.0,56,31200,0,0.11193987409503983,0.19868854604688113,0.0867486719518413,True,0.13099358974358974,0.0,0.0,0.13099358974358974,0.8591666666666666,0.13141025641025642,0.010608974358974359,0.08073170731707317,0.12080128205128206,0.7675,1.4210854715202004e-14,8ebaf69510d4278e8a420329e1ebae1b8ee11a1cdf6f3143704f213c7a2cad45,0.9675,0.9675,0.0,0.7508333333333334,0.7508333333333334,0.0
10056,0.85,200.0,0.9938413612544537,0.9223565258085729,1.5,56,31200,0,0.10930363783613982,0.1948407881153863,0.08553715027924648,True,0.13125,3.205128205128205e-05,0.0002442002442002442,0.13121794871794873,0.8183333333333334,0.13153846153846155,0.010608974358974359,0.08065302144249513,0.12092948717948718,0.77125,1.4210854715202004e-14,8ebaf69510d4278e8a420329e1ebae1b8ee11a1cdf6f3143704f213c7a2cad45,0.9908333333333333,0.9908333333333333,0.0,0.6458333333333334,0.6458333333333334,0.0
10057,0.95,50.0,1.0669631659984589,1.144287882745266,0.5,57,31200,0,0.11955711597992312,0.20176554176428999,0.08220842578436686,True,0.13096153846153846,0.0001923076923076923,0.0014684287812041115,0.13076923076923078,0.89,0.1308653846153846,0.010192307692307691,0.07788390889052167,0.12067307692307692,0.7579166666666667,1.4210854715202004e-14,9847b9b0d4b13813a51fee0d13f57838b022886a10ee750a8979d30ca7a6db52,0.9358333333333333,0.9358333333333333,0.0,0.8441666666666666,0.84,0.004166666666666667
10057,0.95,50.0,1.0669631659984589,1.144287882745266,1.0,57,31200,0,0.11820827675586462,0.20170453637172805,0.08349625961586343,True,0.13118589743589743,0.0002564102564102564,0.0019545565599804545,0.1309294871794872,0.84,0.13125,0.01,0.0761904761904762,0.12125,0.7608333333333334,1.4210854715202004e-14,9847b9b0d4b13813a51fee0d13f57838b022886a10ee750a8979d30ca7a6db52,0.9641666666666666,0.9641666666666666,0.0,0.7158333333333333,0.7141666666666666,0.0016666666666666668
10057,0.95,50.0,1.0669631659984589,1.144287882745266,1.5,57,31200,0,0.11419956156504948,0.20340878199968523,0.08920922043463575,True,0.13173076923076923,9.615384615384615e-05,0.00072992700729927,0.13163461538461538,0.795,0.13157051282051282,0.010128205128205128,0.07697929354445798,0.1214423076923077,0.7720833333333333,1.4210854715202004e-14,9847b9b0d4b13813a51fee0d13f57838b022886a10ee750a8979d30ca7a6db52,0.9775,0.9775,0.0,0.6125,0.6125,0.0
10058,0.9,200.0,0.8686585366725922,0.8949875611811877,0.5,58,31200,0,0.11182467460236091,0.1897590565032011,0.07793438190084019,True,0.13102564102564102,3.205128205128205e-05,0.0002446183953033268,0.13099358974358974,0.8979166666666667,0.13121794871794873,0.010608974358974359,0.08085002442598925,0.12060897435897436,0.7558333333333334,1.4210854715202004e-14,f79fe53f8983a1ed5d243240e6a8ff0a23ed0e08e8fb99ac1f93701bd51cf6aa,0.92,0.92,0.0,0.8758333333333334,0.8758333333333334,0.0
10058,0.9,200.0,0.8686585366725922,0.8949875611811877,1.0,58,31200,0,0.10981522039147774,0.18599353598223392,0.07617831559075618,True,0.13032051282051282,9.615384615384615e-05,0.0007378258730939498,0.13022435897435897,0.8533333333333334,0.13115384615384615,0.010608974358974359,0.08088954056695992,0.12054487179487179,0.7583333333333333,1.4210854715202004e-14,f79fe53f8983a1ed5d243240e6a8ff0a23ed0e08e8fb99ac1f93701bd51cf6aa,0.9566666666666667,0.9566666666666667,0.0,0.75,0.75,0.0
10058,0.9,200.0,0.8686585366725922,0.8949875611811877,1.5,58,31200,0,0.1074942252023614,0.1823140449948007,0.07481981979243929,True,0.13076923076923078,0.00016025641025641026,0.0012254901960784314,0.13060897435897437,0.8175,0.13121794871794873,0.010608974358974359,0.08085002442598925,0.12060897435897436,0.76375,1.4210854715202004e-14,f79fe53f8983a1ed5d243240e6a8ff0a23ed0e08e8fb99ac1f93701bd51cf6aa,0.9808333333333333,0.9808333333333333,0.0,0.6541666666666667,0.6541666666666667,0.0
10059,0.75,100.0,1.1955370657145978,1.073217959329486,0.5,59,31200,0,0.135362043887201,0.24117460589498346,0.10581256200778247,True,0.13125,0.0020833333333333333,0.015873015873015872,0.12916666666666668,0.9008333333333334,0.13115384615384615,0.017756410256410258,0.135386119257087,0.1133974358974359,0.6825,1.4210854715202004e-14,89f8565f1f5fe5a5a3c22cd48385062af9001ea475a576ce9160794ae01d2d11,0.9516666666666667,0.9383333333333334,0.013333333333333334,0.85,0.8183333333333334,0.03166666666666667
10059,0.75,100.0,1.1955370657145978,1.073217959329486,1.0,59,31200,0,0.13874995834680323,0.2300619296210874,0.09131197127428417,True,0.13134615384615383,0.0028525641025641028,0.021717911176183505,0.12849358974358974,0.84375,0.1310897435897436,0.012596153846153845,0.0960880195599022,0.11849358974358974,0.74625,1.4210854715202004e-14,89f8565f1f5fe5a5a3c22cd48385062af9001ea475a576ce9160794ae01d2d11,0.9816666666666667,0.9616666666666667,0.02,0.7058333333333333,0.6791666666666667,0.02666666666666667
10059,0.75,100.0,1.1955370657145978,1.073217959329486,1.5,59,31200,0,0.13752449850723283,0.24001500464658213,0.10249050613934929,True,0.1310897435897436,0.0033653846153846156,0.02567237163814181,0.12772435897435896,0.7854166666666667,0.13153846153846155,0.014326923076923077,0.10891812865497076,0.11721153846153846,0.7275,1.4210854715202004e-14,89f8565f1f5fe5a5a3c22cd48385062af9001ea475a576ce9160794ae01d2d11,0.9975,0.9733333333333334,0.024166666666666666,0.5733333333333334,0.57,0.0033333333333333335
10060,0.65,200.0,1.0135819997638464,1.0191719964146615,0.5,60,31200,0,0.1442133272934102,0.24315230620631006,0.09893897891289988,True,0.1308974358974359,0.004455128205128205,0.034035259549461315,0.1264423076923077,0.9004166666666666,0.13134615384615383,0.018525641025641026,0.14104441190824793,0.11282051282051282,0.6666666666666666,1.4210854715202004e-14,bedda7f80f5d80fc3f4ebd482be9ca344edde3f4d25866bad3c554171e730b8c,0.9358333333333333,0.8975,0.03833333333333333,0.865,0.8208333333333333,0.04416666666666667
10060,0.65,200.0,1.0135819997638464,1.0191719964146615,1.0,60,31200,0,0.15005674390818016,0.22547003882879246,0.0754132949206123,True,0.13121794871794873,0.005801282051282051,0.04421104054714216,0.12541666666666668,0.8441666666666666,0.13150641025641024,0.01330128205128205,0.10114550329027541,0.1182051282051282,0.7258333333333333,1.4210854715202004e-14,bedda7f80f5d80fc3f4ebd482be9ca344edde3f4d25866bad3c554171e730b8c,0.9758333333333333,0.9258333333333333,0.05,0.7125,0.675,0.0375
10060,0.65,200.0,1.0135819997638464,1.0191719964146615,1.5,60,31200,0,0.14333747732685145,0.23505312277129498,0.09171564544444352,True,0.13125,0.005544871794871795,0.04224664224664225,0.1257051282051282,0.7970833333333334,0.13137820512820514,0.014358974358974359,0.1092949499878019,0.11701923076923076,0.7116666666666667,1.4210854715202004e-14,bedda7f80f5d80fc3f4ebd482be9ca344edde3f4d25866bad3c554171e730b8c,0.995,0.9383333333333334,0.056666666666666664,0.5991666666666666,0.5866666666666667,0.0125
10061,0.85,50.0,0.947488770261407,0.8473871000111104,0.5,61,31200,0,0.11786126174178027,0.2133156052486892,0.09545434350690893,True,0.13118589743589743,9.615384615384615e-05,0.0007329587099926704,0.1310897435897436,0.9025,0.1310897435897436,0.011474358974358974,0.08753056234718827,0.11961538461538461,0.7329166666666667,1.4210854715202004e-14,d6b5ee3af1b64fbff870d61a6ee2b76718d406f0d609ffb11aacd00c9b49ee2d,0.9225,0.9216666666666666,0.0008333333333333334,0.8825,0.8825,0.0
10061,0.85,50.0,0.947488770261407,0.8473871000111104,1.0,61,31200,0,0.1176418786227077,0.21414608197234605,0.09650420334963836,True,0.13121794871794873,0.00022435897435897436,0.001709819247679531,0.13099358974358974,0.86375,0.13102564102564102,0.010737179487179487,0.08194716242661448,0.12028846153846154,0.7570833333333333,1.4210854715202004e-14,d6b5ee3af1b64fbff870d61a6ee2b76718d406f0d609ffb11aacd00c9b49ee2d,0.9583333333333334,0.9566666666666667,0.0016666666666666668,0.7691666666666667,0.7691666666666667,0.0
10061,0.85,50.0,0.947488770261407,0.8473871000111104,1.5,61,31200,0,0.11609151557392876,0.2158246388123534,0.09973312323842463,True,0.13125,0.0003525641025641026,0.002686202686202686,0.1308974358974359,0.8283333333333334,0.13112179487179487,0.01092948717948718,0.08335370325103887,0.1201923076923077,0.7533333333333333,1.4210854715202004e-14,d6b5ee3af1b64fbff870d61a6ee2b76718d406f0d609ffb11aacd00c9b49ee2d,0.9833333333333333,0.9808333333333333,0.0025,0.6733333333333333,0.6733333333333333,0.0
10062,0.9,100.0,1.1489178273826839,1.1980530839413406,0.5,62,31200,0,0.11884271432029835,0.20633313482239543,0.08749042050209709,True,0.13067307692307692,6.41025641025641e-05,0.0004905567819475104,0.13060897435897437,0.88125,0.1310897435897436,0.01064102564102564,0.08117359413202933,0.12044871794871795,0.7554166666666666,1.4210854715202004e-14,eb1af295e1c6f2fb59f97e717164af676e0208c11de52bd8a956fdbcd5b08686,0.93,0.93,0.0,0.8325,0.8325,0.0
10062,0.9,100.0,1.1489178273826839,1.1980530839413406,1.0,62,31200,0,0.11691405019925605,0.2040441400114187,0.08713008981216266,True,0.1308974358974359,9.615384615384615e-05,0.0007345739471106758,0.13080128205128205,0.8295833333333333,0.13112179487179487,0.010480769230769231,0.07993155707650941,0.12064102564102563,0.7645833333333333,1.4210854715202004e-14,eb1af295e1c6f2fb59f97e717164af676e0208c11de52bd8a956fdbcd5b08686,0.9733333333333334,0.9716666666666667,0.0016666666666666668,0.6858333333333333,0.6858333333333333,0.0
10062,0.9,100.0,1.1489178273826839,1.1980530839413406,1.5,62,31200,0,0.11428369993193488,0.2034650575971654,0.08918135766523053,True,0.13080128205128205,0.0001923076923076923,0.001470227885322225,0.13060897435897437,0.7758333333333334,0.13131410256410256,0.010576923076923078,0.08054674151818404,0.12073717948717949,0.7720833333333333,1.4210854715202004e-14,eb1af295e1c6f2fb59f97e717164af676e0208c11de52bd8a956fdbcd5b08686,0.9916666666666667,0.9866666666666667,0.005,0.56,0.56,0.0
10063,0.75,50.0,0.8150114860385657,0.9700668502599001,0.5,63,31200,0,0.12822187857642361,0.230177809630266,0.10195593105384237,True,0.13112179487179487,0.0016025641025641025,0.012221950623319482,0.12951923076923078,0.8966666666666666,0.13112179487179487,0.014423076923076924,0.10999755560987534,0.11669871794871794,0.69,1.4210854715202004e-14,74d01447c7fc9ced0bb388626c8f44cab4c1746022b86298b1d25f83fa4568fc,0.9158333333333334,0.9033333333333333,0.0125,0.8775,0.8583333333333333,0.019166666666666665
10063,0.75,50.0,0.8150114860385657,0.9700668502599001,1.0,63,31200,0,0.130413359465932,0.2218023442519795,0.09138898478604751,True,0.13147435897435897,0.0022435897435897434,0.017064846416382253,0.12923076923076923,0.8454166666666667,0.1310897435897436,0.011891025641025642,0.09070904645476772,0.11919871794871795,0.7270833333333333,1.4210854715202004e-14,74d01447c7fc9ced0bb388626c8f44cab4c1746022b86298b1d25f83fa4568fc,0.9483333333333334,0.9316666666666666,0.016666666666666666,0.7425,0.72,0.0225
10063,0.75,50.0,0.8150114860385657,0.9700668502599001,1.5,63,31200,0,0.12624145940203002,0.23399843863956596,0.10775697923753594,True,0.1310897435897436,0.0021794871794871794,0.016625916870415647,0.1289102564102564,0.8029166666666666,0.13128205128205128,0.013076923076923076,0.099609375,0.1182051282051282,0.71875,1.4210854715202004e-14,74d01447c7fc9ced0bb388626c8f44cab4c1746022b86298b1d25f83fa4568fc,0.9666666666666667,0.9475,0.019166666666666665,0.6391666666666667,0.6333333333333333,0.005833333333333334
